שם הרשת / העסק,קטגוריה,כרטיסים תומכים,הנחה מרבית %,פירוט הנחות לפי כרטיס,אתר אינטרנט,תנאים והגבלות
מספר כרטיס המועדון :2010-1466-2099-8836,כללי,כרטיס בהצדעה נטען (ראשי),0,כרטיס בהצדעה נטען (ראשי): הנחת מועדון,,
סל קניות,כללי,כרטיס בהצדעה נטען (ראשי),0,כרטיס בהצדעה נטען (ראשי): הנחת מועדון,,
"מכונת קוביות קרח ATL-8040B שחור - משלוח לנק' איסוף₪168סה""כ לתשלום 168 ש""חסל קניותשלם",כללי,"כרטיס בהצדעה נטען (ראשי), כרטיס בהצדעה נטען (ראשי)",0,כרטיס בהצדעה נטען (ראשי): הנחת מועדון | כרטיס בהצדעה נטען (ראשי): הנחת מועדון,,
מכונת קוביות קרח ATL-8040B שחור - משלוח לנק' איסוף₪168,כללי,"כרטיס בהצדעה נטען (ראשי), כרטיס בהצדעה נטען (ראשי), כרטיס בהצדעה נטען (ראשי)",0,כרטיס בהצדעה נטען (ראשי): הנחת מועדון | כרטיס בהצדעה נטען (ראשי): הנחת מועדון | כרטיס בהצדעה נטען (ראשי): הנחת מועדון,,
מכונת קוביות קרח ATL-8040B שחור - משלוח לנק' איסוף,כללי,כרטיס בהצדעה נטען (ראשי),0,כרטיס בהצדעה נטען (ראשי): הנחת מועדון,,
₪168,כללי,כרטיס בהצדעה נטען (ראשי),0,כרטיס בהצדעה נטען (ראשי): הנחת מועדון,,
"סה""כ לתשלום 168 ש""חסל קניותשלם",כללי,כרטיס בהצדעה נטען (ראשי),0,כרטיס בהצדעה נטען (ראשי): הנחת מועדון,,
"סה""כ לתשלום 168 ש""ח",כללי,כרטיס בהצדעה נטען (ראשי),0,כרטיס בהצדעה נטען (ראשי): הנחת מועדון,,
סל קניותשלם,כללי,כרטיס בהצדעה נטען (ראשי),0,כרטיס בהצדעה נטען (ראשי): הנחת מועדון,,
דף הבית,תפדל - בואו נדבר ערבית,כרטיס בהצדעה נטען (ראשי),30,כרטיס בהצדעה נטען (ראשי): מבצע ראש השנה 30% הנחה רשתות עד 30/9/2026,,
"ניתן לטעון עד לסכום כולל של ₪500 בחודשמבצע ראש השנה 30% הנחה רשתות עד 30/9/2026 עד ₪500 לטעינה יתרתך בכרטיס:0.10לטעינהתשלום בקופהביטול טעינהרשתות מכבדותניתן לטעון עד לסכום כולל של ₪2,500 בחודשארנק בתשלום עם כרטיס פייטר 15% הנחהעד ₪2,500 לטעינה יתרתך בכרטיס:0.00לטעינהתשלום בקופהביטול טעינהרשתות מכבדותניתן לטעון עד לסכום כולל של ₪750 בחודש בהצדעה 10% הנחה ברשת קרפור (סיטי ומרקט בלבד)עד ₪750 לטעינה יתרתך בכרטיס:0.00לטעינהתשלום בקופהביטול טעינהרשתות מכבדותניתן לטעון עד לסכום כולל של ₪700 בחודשבהצדעה - מזון + אתרי אונליין 7% הנחהעד ₪700 לטעינה יתרתך בכרטיס:0.00לטעינהתשלום בקופהביטול טעינהרשתות מכבדותניתן לטעון עד לסכום כולל של ₪1,000 בחודשרשתות בהצדעה 15%עד ₪1,000 לטעינה יתרתך בכרטיס:0.00לטעינהתשלום בקופהביטול טעינהרשתות מכבדותניתן לטעון עד לסכום כולל של ₪500 בחודשבהצדעה  – מסעדות 20% הנחה עד ₪500 לטעינה יתרתך בכרטיס:0.00לטעינהתשלום בקופהביטול טעינהרשתות מכבדותבהצדעה- ארנק רשתות 20%יתרתך בכרטיס:0.10לטעינהתשלום בקופהביטול טעינהרשתות מכבדותמבצע רשתות בהצדעה 18%יתרתך בכרטיס:0.30לטעינהתשלום בקופהביטול טעינהרשתות מכבדות","ניתן לטעון עד לסכום כולל של ₪500 בחודשמבצע ראש השנה 30% הנחה רשתות עד 30/9/2026 עד ₪500 לטעינה יתרתך בכרטיס:0.10לטעינהתשלום בקופהביטול טעינהרשתות מכבדותניתן לטעון עד לסכום כולל של ₪2,500 בחודשארנק בתשלום עם כרטיס פייטר 15% הנחהעד ₪2,500 לטעינה יתרתך בכרטיס:0.00לטעינהתשלום בקופהביטול טעינהרשתות מכבדותניתן לטעון עד לסכום כולל של ₪750 בחודש בהצדעה 10% הנחה ברשת קרפור (סיטי ומרקט בלבד)עד ₪750 לטעינה יתרתך בכרטיס:0.00לטעינהתשלום בקופהביטול טעינהרשתות מכבדותניתן לטעון עד לסכום כולל של ₪700 בחודשבהצדעה - מזון + אתרי אונליין 7% הנחהעד ₪700 לטעינה יתרתך בכרטיס:0.00לטעינהתשלום בקופהביטול טעינהרשתות מכבדותניתן לטעון עד לסכום כולל של ₪1,000 בחודשרשתות בהצדעה 15%עד ₪1,000 לטעינה יתרתך בכרטיס:0.00לטעינהתשלום בקופהביטול טעינהרשתות מכבדותניתן לטעון עד לסכום כולל של ₪500 בחודשבהצדעה  – מסעדות 20% הנחה עד ₪500 לטעינה יתרתך בכרטיס:0.00לטעינהתשלום בקופהביטול טעינהרשתות מכבדותבהצדעה- ארנק רשתות 20%יתרתך בכרטיס:0.10לטעינהתשלום בקופהביטול טעינהרשתות מכבדותמבצע רשתות בהצדעה 18%יתרתך בכרטיס:0.30לטעינהתשלום בקופהביטול טעינהרשתות מכבדות",כרטיס בהצדעה נטען (ראשי),30,"כרטיס בהצדעה נטען (ראשי): ניתן לטעון עד לסכום כולל של ₪500 בחודשמבצע ראש השנה 30% הנחה רשתות עד 30/9/2026 עד ₪500 לטעינה יתרתך בכרטיס:0.10לטעינהתשלום בקופהביטול טעינהרשתות מכבדותניתן לטעון עד לסכום כולל של ₪2,500 בחודשארנק בתשלום עם כרטיס פייטר 15% הנחהעד ₪2,500 לטעינה יתרתך בכרטיס:0.00לטעינהתשלום בקופהביטול טעינהרשתות מכבדותניתן לטעון עד לסכום כולל של ₪750 בחודש בהצדעה 10% הנחה ברשת קרפור (סיטי ומרקט בלבד)עד ₪750 לטעינה יתרתך בכרטיס:0.00לטעינהתשלום בקופהביטול טעינהרשתות מכבדותניתן לטעון עד לסכום כולל של ₪700 בחודשבהצדעה - מזון + אתרי אונליין 7% הנחהעד ₪700 לטעינה יתרתך בכרטיס:0.00לטעינהתשלום בקופהביטול טעינהרשתות מכבדותניתן לטעון עד לסכום כולל של ₪1,000 בחודשרשתות בהצדעה 15%עד ₪1,000 לטעינה יתרתך בכרטיס:0.00לטעינהתשלום בקופהביטול טעינהרשתות מכבדותניתן לטעון עד לסכום כולל של ₪500 בחודשבהצדעה  – מסעדות 20% הנחה עד ₪500 לטעינה יתרתך בכרטיס:0.00לטעינהתשלום בקופהביטול טעינהרשתות מכבדותבהצדעה- ארנק רשתות 20%יתרתך בכרטיס:0.10לטעינהתשלום בקופהביטול טעינהרשתות מכבדותמבצע רשתות בהצדעה 18%יתרתך בכרטיס:0.30לטעינהתשלום בקופהביטול טעינהרשתות מכבדות",,
ניתן לטעון עד לסכום כולל של ₪500 בחודשמבצע ראש השנה 30% הנחה רשתות עד 30/9/2026 עד ₪500 לטעינה יתרתך בכרטיס:0.10לטעינהתשלום בקופהביטול טעינהרשתות מכבדות,כללי,כרטיס בהצדעה נטען (ראשי),30,כרטיס בהצדעה נטען (ראשי): ניתן לטעון עד לסכום כולל של ₪500 בחודשמבצע ראש השנה 30% הנחה רשתות עד 30/9/2026 עד ₪500 לטעינה יתרתך בכרטיס:0.10לטעינהתשלום בקופהביטול טעינהרשתות מכבדות,,
ניתן לטעון עד לסכום כולל של ₪500 בחודשמבצע ראש השנה 30% הנחה רשתות עד 30/9/2026 עד ₪500 לטעינה יתרתך בכרטיס:0.10,כללי,"כרטיס בהצדעה נטען (ראשי), כרטיס בהצדעה נטען (ראשי)",30,כרטיס בהצדעה נטען (ראשי): ניתן לטעון עד לסכום כולל של ₪500 בחודשמבצע ראש השנה 30% הנחה רשתות עד 30/9/2026 עד ₪500 לטעינה יתרתך בכרטיס:0.10 | כרטיס בהצדעה נטען (ראשי): ניתן לטעון עד לסכום כולל של ₪500 בחודשמבצע ראש השנה 30% הנחה רשתות עד 30/9/2026 עד ₪500 לטעינה יתרתך בכרטיס:0.10,,
לטעינה,כללי,"כרטיס בהצדעה נטען (ראשי), כרטיס בהצדעה נטען (ראשי), כרטיס בהצדעה נטען (ראשי), כרטיס בהצדעה נטען (ראשי), כרטיס בהצדעה נטען (ראשי), כרטיס בהצדעה נטען (ראשי), כרטיס בהצדעה נטען (ראשי), כרטיס בהצדעה נטען (ראשי)",0,כרטיס בהצדעה נטען (ראשי): הנחת מועדון | כרטיס בהצדעה נטען (ראשי): הנחת מועדון | כרטיס בהצדעה נטען (ראשי): הנחת מועדון | כרטיס בהצדעה נטען (ראשי): הנחת מועדון | כרטיס בהצדעה נטען (ראשי): הנחת מועדון | כרטיס בהצדעה נטען (ראשי): הנחת מועדון | כרטיס בהצדעה נטען (ראשי): הנחת מועדון | כרטיס בהצדעה נטען (ראשי): הנחת מועדון,,
תשלום בקופה,כללי,"כרטיס בהצדעה נטען (ראשי), כרטיס בהצדעה נטען (ראשי), כרטיס בהצדעה נטען (ראשי), כרטיס בהצדעה נטען (ראשי), כרטיס בהצדעה נטען (ראשי), כרטיס בהצדעה נטען (ראשי), כרטיס בהצדעה נטען (ראשי), כרטיס בהצדעה נטען (ראשי)",0,כרטיס בהצדעה נטען (ראשי): הנחת מועדון | כרטיס בהצדעה נטען (ראשי): הנחת מועדון | כרטיס בהצדעה נטען (ראשי): הנחת מועדון | כרטיס בהצדעה נטען (ראשי): הנחת מועדון | כרטיס בהצדעה נטען (ראשי): הנחת מועדון | כרטיס בהצדעה נטען (ראשי): הנחת מועדון | כרטיס בהצדעה נטען (ראשי): הנחת מועדון | כרטיס בהצדעה נטען (ראשי): הנחת מועדון,,
ביטול טעינה,כללי,"כרטיס בהצדעה נטען (ראשי), כרטיס בהצדעה נטען (ראשי), כרטיס בהצדעה נטען (ראשי), כרטיס בהצדעה נטען (ראשי), כרטיס בהצדעה נטען (ראשי), כרטיס בהצדעה נטען (ראשי), כרטיס בהצדעה נטען (ראשי), כרטיס בהצדעה נטען (ראשי)",0,כרטיס בהצדעה נטען (ראשי): הנחת מועדון | כרטיס בהצדעה נטען (ראשי): הנחת מועדון | כרטיס בהצדעה נטען (ראשי): הנחת מועדון | כרטיס בהצדעה נטען (ראשי): הנחת מועדון | כרטיס בהצדעה נטען (ראשי): הנחת מועדון | כרטיס בהצדעה נטען (ראשי): הנחת מועדון | כרטיס בהצדעה נטען (ראשי): הנחת מועדון | כרטיס בהצדעה נטען (ראשי): הנחת מועדון,,
רשתות מכבדות,כללי,"כרטיס בהצדעה נטען (ראשי), כרטיס בהצדעה נטען (ראשי), כרטיס בהצדעה נטען (ראשי), כרטיס בהצדעה נטען (ראשי), כרטיס בהצדעה נטען (ראשי), כרטיס בהצדעה נטען (ראשי), כרטיס בהצדעה נטען (ראשי), כרטיס בהצדעה נטען (ראשי)",0,כרטיס בהצדעה נטען (ראשי): הנחת מועדון | כרטיס בהצדעה נטען (ראשי): הנחת מועדון | כרטיס בהצדעה נטען (ראשי): הנחת מועדון | כרטיס בהצדעה נטען (ראשי): הנחת מועדון | כרטיס בהצדעה נטען (ראשי): הנחת מועדון | כרטיס בהצדעה נטען (ראשי): הנחת מועדון | כרטיס בהצדעה נטען (ראשי): הנחת מועדון | כרטיס בהצדעה נטען (ראשי): הנחת מועדון,,
"ניתן לטעון עד לסכום כולל של ₪2,500 בחודשארנק בתשלום עם כרטיס פייטר 15% הנחהעד ₪2,500 לטעינה יתרתך בכרטיס:0.00לטעינהתשלום בקופהביטול טעינהרשתות מכבדות",כללי,כרטיס בהצדעה נטען (ראשי),15,"כרטיס בהצדעה נטען (ראשי): ניתן לטעון עד לסכום כולל של ₪2,500 בחודשארנק בתשלום עם כרטיס פייטר 15% הנחהעד ₪2,500 לטעינה יתרתך בכרטיס:0.00לטעינהתשלום בקופהביטול טעינהרשתות מכבדות",,
"ניתן לטעון עד לסכום כולל של ₪2,500 בחודשארנק בתשלום עם כרטיס פייטר 15% הנחהעד ₪2,500 לטעינה יתרתך בכרטיס:0.00",כללי,"כרטיס בהצדעה נטען (ראשי), כרטיס בהצדעה נטען (ראשי)",15,"כרטיס בהצדעה נטען (ראשי): ניתן לטעון עד לסכום כולל של ₪2,500 בחודשארנק בתשלום עם כרטיס פייטר 15% הנחהעד ₪2,500 לטעינה יתרתך בכרטיס:0.00 | כרטיס בהצדעה נטען (ראשי): ניתן לטעון עד לסכום כולל של ₪2,500 בחודשארנק בתשלום עם כרטיס פייטר 15% הנחהעד ₪2,500 לטעינה יתרתך בכרטיס:0.00",,
ניתן לטעון עד לסכום כולל של ₪750 בחודש בהצדעה 10% הנחה ברשת קרפור (סיטי ומרקט בלבד)עד ₪750 לטעינה יתרתך בכרטיס:0.00לטעינהתשלום בקופהביטול טעינהרשתות מכבדות,כללי,כרטיס בהצדעה נטען (ראשי),10,כרטיס בהצדעה נטען (ראשי): ניתן לטעון עד לסכום כולל של ₪750 בחודש בהצדעה 10% הנחה ברשת קרפור (סיטי ומרקט בלבד)עד ₪750 לטעינה יתרתך בכרטיס:0.00לטעינהתשלום בקופהביטול טעינהרשתות מכבדות,,
ניתן לטעון עד לסכום כולל של ₪750 בחודש בהצדעה 10% הנחה ברשת קרפור (סיטי ומרקט בלבד)עד ₪750 לטעינה יתרתך בכרטיס:0.00,כללי,"כרטיס בהצדעה נטען (ראשי), כרטיס בהצדעה נטען (ראשי)",10,כרטיס בהצדעה נטען (ראשי): ניתן לטעון עד לסכום כולל של ₪750 בחודש בהצדעה 10% הנחה ברשת קרפור (סיטי ומרקט בלבד)עד ₪750 לטעינה יתרתך בכרטיס:0.00 | כרטיס בהצדעה נטען (ראשי): ניתן לטעון עד לסכום כולל של ₪750 בחודש בהצדעה 10% הנחה ברשת קרפור (סיטי ומרקט בלבד)עד ₪750 לטעינה יתרתך בכרטיס:0.00,,
ניתן לטעון עד לסכום כולל של ₪700 בחודשבהצדעה - מזון + אתרי אונליין 7% הנחהעד ₪700 לטעינה יתרתך בכרטיס:0.00לטעינהתשלום בקופהביטול טעינהרשתות מכבדות,ניתן לטעון עד לסכום כולל של ₪700 בחודשבהצדעה - מזון + אתרי אונליין 7% הנחהעד ₪700 לטעינה יתרתך בכרטיס:0.00לטעינהתשלום בקופהביטול טעינהרשתות מכבדות,כרטיס בהצדעה נטען (ראשי),7,כרטיס בהצדעה נטען (ראשי): ניתן לטעון עד לסכום כולל של ₪700 בחודשבהצדעה - מזון + אתרי אונליין 7% הנחהעד ₪700 לטעינה יתרתך בכרטיס:0.00לטעינהתשלום בקופהביטול טעינהרשתות מכבדות,,
ניתן לטעון עד לסכום כולל של ₪700 בחודשבהצדעה - מזון + אתרי אונליין 7% הנחהעד ₪700 לטעינה יתרתך בכרטיס:0.00,ניתן לטעון עד לסכום כולל של ₪700 בחודשבהצדעה - מזון + אתרי אונליין 7% הנחהעד ₪700 לטעינה יתרתך בכרטיס:0.00,"כרטיס בהצדעה נטען (ראשי), כרטיס בהצדעה נטען (ראשי)",7,כרטיס בהצדעה נטען (ראשי): ניתן לטעון עד לסכום כולל של ₪700 בחודשבהצדעה - מזון + אתרי אונליין 7% הנחהעד ₪700 לטעינה יתרתך בכרטיס:0.00 | כרטיס בהצדעה נטען (ראשי): ניתן לטעון עד לסכום כולל של ₪700 בחודשבהצדעה - מזון + אתרי אונליין 7% הנחהעד ₪700 לטעינה יתרתך בכרטיס:0.00,,
"ניתן לטעון עד לסכום כולל של ₪1,000 בחודשרשתות בהצדעה 15%עד ₪1,000 לטעינה יתרתך בכרטיס:0.00לטעינהתשלום בקופהביטול טעינהרשתות מכבדות",כללי,כרטיס בהצדעה נטען (ראשי),15,"כרטיס בהצדעה נטען (ראשי): ניתן לטעון עד לסכום כולל של ₪1,000 בחודשרשתות בהצדעה 15%עד ₪1,000 לטעינה יתרתך בכרטיס:0.00לטעינהתשלום בקופהביטול טעינהרשתות מכבדות",,
"ניתן לטעון עד לסכום כולל של ₪1,000 בחודשרשתות בהצדעה 15%עד ₪1,000 לטעינה יתרתך בכרטיס:0.00",כללי,"כרטיס בהצדעה נטען (ראשי), כרטיס בהצדעה נטען (ראשי)",15,"כרטיס בהצדעה נטען (ראשי): ניתן לטעון עד לסכום כולל של ₪1,000 בחודשרשתות בהצדעה 15%עד ₪1,000 לטעינה יתרתך בכרטיס:0.00 | כרטיס בהצדעה נטען (ראשי): ניתן לטעון עד לסכום כולל של ₪1,000 בחודשרשתות בהצדעה 15%עד ₪1,000 לטעינה יתרתך בכרטיס:0.00",,
ניתן לטעון עד לסכום כולל של ₪500 בחודשבהצדעה  – מסעדות 20% הנחה עד ₪500 לטעינה יתרתך בכרטיס:0.00לטעינהתשלום בקופהביטול טעינהרשתות מכבדות,ניתן לטעון עד לסכום כולל של ₪500 בחודשבהצדעה  – מסעדות 20% הנחה עד ₪500 לטעינה יתרתך בכרטיס:0.00לטעינהתשלום בקופהביטול טעינהרשתות מכבדות,כרטיס בהצדעה נטען (ראשי),20,כרטיס בהצדעה נטען (ראשי): ניתן לטעון עד לסכום כולל של ₪500 בחודשבהצדעה  – מסעדות 20% הנחה עד ₪500 לטעינה יתרתך בכרטיס:0.00לטעינהתשלום בקופהביטול טעינהרשתות מכבדות,,
ניתן לטעון עד לסכום כולל של ₪500 בחודשבהצדעה  – מסעדות 20% הנחה עד ₪500 לטעינה יתרתך בכרטיס:0.00,ניתן לטעון עד לסכום כולל של ₪500 בחודשבהצדעה  – מסעדות 20% הנחה עד ₪500 לטעינה יתרתך בכרטיס:0.00,"כרטיס בהצדעה נטען (ראשי), כרטיס בהצדעה נטען (ראשי)",20,כרטיס בהצדעה נטען (ראשי): ניתן לטעון עד לסכום כולל של ₪500 בחודשבהצדעה  – מסעדות 20% הנחה עד ₪500 לטעינה יתרתך בכרטיס:0.00 | כרטיס בהצדעה נטען (ראשי): ניתן לטעון עד לסכום כולל של ₪500 בחודשבהצדעה  – מסעדות 20% הנחה עד ₪500 לטעינה יתרתך בכרטיס:0.00,,
בהצדעה- ארנק רשתות 20%יתרתך בכרטיס:0.10לטעינהתשלום בקופהביטול טעינהרשתות מכבדות,כללי,כרטיס בהצדעה נטען (ראשי),20,כרטיס בהצדעה נטען (ראשי): בהצדעה- ארנק רשתות 20%יתרתך בכרטיס:0.10לטעינהתשלום בקופהביטול טעינהרשתות מכבדות,,
בהצדעה- ארנק רשתות 20%יתרתך בכרטיס:0.10,כללי,"כרטיס בהצדעה נטען (ראשי), כרטיס בהצדעה נטען (ראשי)",20,כרטיס בהצדעה נטען (ראשי): בהצדעה- ארנק רשתות 20%יתרתך בכרטיס:0.10 | כרטיס בהצדעה נטען (ראשי): בהצדעה- ארנק רשתות 20%יתרתך בכרטיס:0.10,,
מבצע רשתות בהצדעה 18%יתרתך בכרטיס:0.30לטעינהתשלום בקופהביטול טעינהרשתות מכבדות,כללי,כרטיס בהצדעה נטען (ראשי),18,כרטיס בהצדעה נטען (ראשי): מבצע רשתות בהצדעה 18%יתרתך בכרטיס:0.30לטעינהתשלום בקופהביטול טעינהרשתות מכבדות,,
מבצע רשתות בהצדעה 18%יתרתך בכרטיס:0.30,כללי,"כרטיס בהצדעה נטען (ראשי), כרטיס בהצדעה נטען (ראשי)",18,כרטיס בהצדעה נטען (ראשי): מבצע רשתות בהצדעה 18%יתרתך בכרטיס:0.30 | כרטיס בהצדעה נטען (ראשי): מבצע רשתות בהצדעה 18%יתרתך בכרטיס:0.30,,
ארנק דיגיטלי,כללי,כרטיס בהצדעה נטען (ראשי),0,כרטיס בהצדעה נטען (ראשי): הנחת מועדון,,
אבד לך הכרטיס?,כללי,כרטיס בהצדעה נטען (ראשי),0,כרטיס בהצדעה נטען (ראשי): הנחת מועדון,,
הכל,תפדל - בואו נדבר ערבית,כרטיס בהצדעה נטען (ראשי),30,כרטיס בהצדעה נטען (ראשי): מבצע ראש השנה 30% הנחה רשתות עד 30/9/2026,,
מבצע ראש השנה 30% הנחה רשתות עד 30/9/2026,תפדל - בואו נדבר ערבית,"כרטיס בהצדעה נטען (ראשי), כרטיס בהצדעה נטען (ראשי)",30,כרטיס בהצדעה נטען (ראשי): מבצע ראש השנה 30% הנחה רשתות עד 30/9/2026 | כרטיס בהצדעה נטען (ראשי): מבצע ראש השנה 30% הנחה רשתות עד 30/9/2026,,
רכישה אונליין,כללי,כרטיס בהצדעה נטען (ראשי),0,כרטיס בהצדעה נטען (ראשי): הנחת מועדון,,
עגליס אונליין,מגה ספורט אונליין,"כרטיס בהצדעה נטען (ראשי), כרטיס בהצדעה נטען (ראשי), כרטיס בהצדעה נטען (ראשי), כרטיס בהצדעה נטען (ראשי)",0,כרטיס בהצדעה נטען (ראשי): הנחת מועדון | כרטיס בהצדעה נטען (ראשי): הנחת מועדון | כרטיס בהצדעה נטען (ראשי): הנחת מועדון | כרטיס בהצדעה נטען (ראשי): הנחת מועדון,,
vans online,כללי,"כרטיס בהצדעה נטען (ראשי), כרטיס בהצדעה נטען (ראשי), כרטיס בהצדעה נטען (ראשי)",0,כרטיס בהצדעה נטען (ראשי): הנחת מועדון | כרטיס בהצדעה נטען (ראשי): הנחת מועדון | כרטיס בהצדעה נטען (ראשי): הנחת מועדון,,
The North Face online,כללי,"כרטיס בהצדעה נטען (ראשי), כרטיס בהצדעה נטען (ראשי), כרטיס בהצדעה נטען (ראשי)",0,כרטיס בהצדעה נטען (ראשי): הנחת מועדון | כרטיס בהצדעה נטען (ראשי): הנחת מועדון | כרטיס בהצדעה נטען (ראשי): הנחת מועדון,,
altra online,כללי,"כרטיס בהצדעה נטען (ראשי), כרטיס בהצדעה נטען (ראשי), כרטיס בהצדעה נטען (ראשי)",0,כרטיס בהצדעה נטען (ראשי): הנחת מועדון | כרטיס בהצדעה נטען (ראשי): הנחת מועדון | כרטיס בהצדעה נטען (ראשי): הנחת מועדון,,
JANSPORT online,כללי,"כרטיס בהצדעה נטען (ראשי), כרטיס בהצדעה נטען (ראשי), כרטיס בהצדעה נטען (ראשי)",0,כרטיס בהצדעה נטען (ראשי): הנחת מועדון | כרטיס בהצדעה נטען (ראשי): הנחת מועדון | כרטיס בהצדעה נטען (ראשי): הנחת מועדון,,
נעמן ורדינון אונליין,כללי,"כרטיס בהצדעה נטען (ראשי), כרטיס בהצדעה נטען (ראשי), כרטיס בהצדעה נטען (ראשי)",0,כרטיס בהצדעה נטען (ראשי): הנחת מועדון | כרטיס בהצדעה נטען (ראשי): הנחת מועדון | כרטיס בהצדעה נטען (ראשי): הנחת מועדון,,
simmons online,כללי,"כרטיס בהצדעה נטען (ראשי), כרטיס בהצדעה נטען (ראשי), כרטיס בהצדעה נטען (ראשי)",0,כרטיס בהצדעה נטען (ראשי): הנחת מועדון | כרטיס בהצדעה נטען (ראשי): הנחת מועדון | כרטיס בהצדעה נטען (ראשי): הנחת מועדון,,
לסטר אונליין,כללי,"כרטיס בהצדעה נטען (ראשי), כרטיס בהצדעה נטען (ראשי), כרטיס בהצדעה נטען (ראשי)",0,כרטיס בהצדעה נטען (ראשי): הנחת מועדון | כרטיס בהצדעה נטען (ראשי): הנחת מועדון | כרטיס בהצדעה נטען (ראשי): הנחת מועדון,,
KUNI online,כללי,"כרטיס בהצדעה נטען (ראשי), כרטיס בהצדעה נטען (ראשי), כרטיס בהצדעה נטען (ראשי)",0,כרטיס בהצדעה נטען (ראשי): הנחת מועדון | כרטיס בהצדעה נטען (ראשי): הנחת מועדון | כרטיס בהצדעה נטען (ראשי): הנחת מועדון,,
אימהות אונליין,כללי,"כרטיס בהצדעה נטען (ראשי), כרטיס בהצדעה נטען (ראשי), כרטיס בהצדעה נטען (ראשי)",0,כרטיס בהצדעה נטען (ראשי): הנחת מועדון | כרטיס בהצדעה נטען (ראשי): הנחת מועדון | כרטיס בהצדעה נטען (ראשי): הנחת מועדון,,
oh my box,כללי,"כרטיס בהצדעה נטען (ראשי), כרטיס בהצדעה נטען (ראשי), כרטיס בהצדעה נטען (ראשי)",0,כרטיס בהצדעה נטען (ראשי): הנחת מועדון | כרטיס בהצדעה נטען (ראשי): הנחת מועדון | כרטיס בהצדעה נטען (ראשי): הנחת מועדון,,
תיק התיקים אונליין,כללי,"כרטיס בהצדעה נטען (ראשי), כרטיס בהצדעה נטען (ראשי), כרטיס בהצדעה נטען (ראשי)",0,כרטיס בהצדעה נטען (ראשי): הנחת מועדון | כרטיס בהצדעה נטען (ראשי): הנחת מועדון | כרטיס בהצדעה נטען (ראשי): הנחת מועדון,,
caprice diamonds,כללי,"כרטיס בהצדעה נטען (ראשי), כרטיס בהצדעה נטען (ראשי), כרטיס בהצדעה נטען (ראשי)",0,כרטיס בהצדעה נטען (ראשי): הנחת מועדון | כרטיס בהצדעה נטען (ראשי): הנחת מועדון | כרטיס בהצדעה נטען (ראשי): הנחת מועדון,,
מקימי אונליין,כללי,"כרטיס בהצדעה נטען (ראשי), כרטיס בהצדעה נטען (ראשי), כרטיס בהצדעה נטען (ראשי)",0,כרטיס בהצדעה נטען (ראשי): הנחת מועדון | כרטיס בהצדעה נטען (ראשי): הנחת מועדון | כרטיס בהצדעה נטען (ראשי): הנחת מועדון,,
בואנו קאזה אונליין,כללי,"כרטיס בהצדעה נטען (ראשי), כרטיס בהצדעה נטען (ראשי), כרטיס בהצדעה נטען (ראשי)",0,כרטיס בהצדעה נטען (ראשי): הנחת מועדון | כרטיס בהצדעה נטען (ראשי): הנחת מועדון | כרטיס בהצדעה נטען (ראשי): הנחת מועדון,,
שייקשוק אונליין,כללי,"כרטיס בהצדעה נטען (ראשי), כרטיס בהצדעה נטען (ראשי), כרטיס בהצדעה נטען (ראשי)",0,כרטיס בהצדעה נטען (ראשי): הנחת מועדון | כרטיס בהצדעה נטען (ראשי): הנחת מועדון | כרטיס בהצדעה נטען (ראשי): הנחת מועדון,,
SWEETWEET,כללי,"כרטיס בהצדעה נטען (ראשי), כרטיס בהצדעה נטען (ראשי), כרטיס בהצדעה נטען (ראשי)",0,כרטיס בהצדעה נטען (ראשי): הנחת מועדון | כרטיס בהצדעה נטען (ראשי): הנחת מועדון | כרטיס בהצדעה נטען (ראשי): הנחת מועדון,,
ג'רוזלם ננו בייבל אונליין,כללי,"כרטיס בהצדעה נטען (ראשי), כרטיס בהצדעה נטען (ראשי), כרטיס בהצדעה נטען (ראשי)",0,כרטיס בהצדעה נטען (ראשי): הנחת מועדון | כרטיס בהצדעה נטען (ראשי): הנחת מועדון | כרטיס בהצדעה נטען (ראשי): הנחת מועדון,,
פוד אפיל אונליין,כללי,"כרטיס בהצדעה נטען (ראשי), כרטיס בהצדעה נטען (ראשי), כרטיס בהצדעה נטען (ראשי)",0,כרטיס בהצדעה נטען (ראשי): הנחת מועדון | כרטיס בהצדעה נטען (ראשי): הנחת מועדון | כרטיס בהצדעה נטען (ראשי): הנחת מועדון,,
LEE אונליין,כללי,"כרטיס בהצדעה נטען (ראשי), כרטיס בהצדעה נטען (ראשי), כרטיס בהצדעה נטען (ראשי)",0,כרטיס בהצדעה נטען (ראשי): הנחת מועדון | כרטיס בהצדעה נטען (ראשי): הנחת מועדון | כרטיס בהצדעה נטען (ראשי): הנחת מועדון,,
Wrangler אונליין,כללי,"כרטיס בהצדעה נטען (ראשי), כרטיס בהצדעה נטען (ראשי), כרטיס בהצדעה נטען (ראשי)",0,כרטיס בהצדעה נטען (ראשי): הנחת מועדון | כרטיס בהצדעה נטען (ראשי): הנחת מועדון | כרטיס בהצדעה נטען (ראשי): הנחת מועדון,,
NEW ERA אונליין,כללי,"כרטיס בהצדעה נטען (ראשי), כרטיס בהצדעה נטען (ראשי), כרטיס בהצדעה נטען (ראשי)",0,כרטיס בהצדעה נטען (ראשי): הנחת מועדון | כרטיס בהצדעה נטען (ראשי): הנחת מועדון | כרטיס בהצדעה נטען (ראשי): הנחת מועדון,,
bumpers online,כללי,"כרטיס בהצדעה נטען (ראשי), כרטיס בהצדעה נטען (ראשי), כרטיס בהצדעה נטען (ראשי)",0,כרטיס בהצדעה נטען (ראשי): הנחת מועדון | כרטיס בהצדעה נטען (ראשי): הנחת מועדון | כרטיס בהצדעה נטען (ראשי): הנחת מועדון,,
סינמה סיטי,כללי,"כרטיס בהצדעה נטען (ראשי), כרטיס בהצדעה נטען (ראשי), כרטיס בהצדעה נטען (ראשי), כרטיס בהצדעה נטען (ראשי), כרטיס בהצדעה נטען (ראשי), כרטיס בהצדעה נטען (ראשי), כרטיס בהצדעה נטען (ראשי)",0,כרטיס בהצדעה נטען (ראשי): הנחת מועדון | כרטיס בהצדעה נטען (ראשי): הנחת מועדון | כרטיס בהצדעה נטען (ראשי): הנחת מועדון | כרטיס בהצדעה נטען (ראשי): הנחת מועדון | כרטיס בהצדעה נטען (ראשי): הנחת מועדון | כרטיס בהצדעה נטען (ראשי): הנחת מועדון | כרטיס בהצדעה נטען (ראשי): הנחת מועדון,,
פוקס הום אונליין,כללי,"כרטיס בהצדעה נטען (ראשי), כרטיס בהצדעה נטען (ראשי), כרטיס בהצדעה נטען (ראשי)",0,כרטיס בהצדעה נטען (ראשי): הנחת מועדון | כרטיס בהצדעה נטען (ראשי): הנחת מועדון | כרטיס בהצדעה נטען (ראשי): הנחת מועדון,,
terminal x,כללי,"כרטיס בהצדעה נטען (ראשי), כרטיס בהצדעה נטען (ראשי), כרטיס בהצדעה נטען (ראשי)",0,כרטיס בהצדעה נטען (ראשי): הנחת מועדון | כרטיס בהצדעה נטען (ראשי): הנחת מועדון | כרטיס בהצדעה נטען (ראשי): הנחת מועדון,,
נאוטיקה הום אונליין,כללי,"כרטיס בהצדעה נטען (ראשי), כרטיס בהצדעה נטען (ראשי), כרטיס בהצדעה נטען (ראשי)",0,כרטיס בהצדעה נטען (ראשי): הנחת מועדון | כרטיס בהצדעה נטען (ראשי): הנחת מועדון | כרטיס בהצדעה נטען (ראשי): הנחת מועדון,,
מועדון הכותנה,כללי,"כרטיס בהצדעה נטען (ראשי), כרטיס בהצדעה נטען (ראשי), כרטיס בהצדעה נטען (ראשי)",0,כרטיס בהצדעה נטען (ראשי): הנחת מועדון | כרטיס בהצדעה נטען (ראשי): הנחת מועדון | כרטיס בהצדעה נטען (ראשי): הנחת מועדון,,
H&O און ליין,כללי,"כרטיס בהצדעה נטען (ראשי), כרטיס בהצדעה נטען (ראשי), כרטיס בהצדעה נטען (ראשי)",0,כרטיס בהצדעה נטען (ראשי): הנחת מועדון | כרטיס בהצדעה נטען (ראשי): הנחת מועדון | כרטיס בהצדעה נטען (ראשי): הנחת מועדון,,
מגה ספורט אונליין,מגה ספורט אונליין,"כרטיס בהצדעה נטען (ראשי), כרטיס בהצדעה נטען (ראשי), כרטיס בהצדעה נטען (ראשי)",0,כרטיס בהצדעה נטען (ראשי): הנחת מועדון | כרטיס בהצדעה נטען (ראשי): הנחת מועדון | כרטיס בהצדעה נטען (ראשי): הנחת מועדון,,
דיל תאורה אונליין,כללי,"כרטיס בהצדעה נטען (ראשי), כרטיס בהצדעה נטען (ראשי), כרטיס בהצדעה נטען (ראשי)",0,כרטיס בהצדעה נטען (ראשי): הנחת מועדון | כרטיס בהצדעה נטען (ראשי): הנחת מועדון | כרטיס בהצדעה נטען (ראשי): הנחת מועדון,,
מוזה קוקטיילים אונליין,כללי,"כרטיס בהצדעה נטען (ראשי), כרטיס בהצדעה נטען (ראשי), כרטיס בהצדעה נטען (ראשי)",0,כרטיס בהצדעה נטען (ראשי): הנחת מועדון | כרטיס בהצדעה נטען (ראשי): הנחת מועדון | כרטיס בהצדעה נטען (ראשי): הנחת מועדון,,
GA-DE אונליין,כללי,"כרטיס בהצדעה נטען (ראשי), כרטיס בהצדעה נטען (ראשי), כרטיס בהצדעה נטען (ראשי)",0,כרטיס בהצדעה נטען (ראשי): הנחת מועדון | כרטיס בהצדעה נטען (ראשי): הנחת מועדון | כרטיס בהצדעה נטען (ראשי): הנחת מועדון,,
Carter's online,כללי,"כרטיס בהצדעה נטען (ראשי), כרטיס בהצדעה נטען (ראשי), כרטיס בהצדעה נטען (ראשי)",0,כרטיס בהצדעה נטען (ראשי): הנחת מועדון | כרטיס בהצדעה נטען (ראשי): הנחת מועדון | כרטיס בהצדעה נטען (ראשי): הנחת מועדון,,
מיננה אונליין,כללי,"כרטיס בהצדעה נטען (ראשי), כרטיס בהצדעה נטען (ראשי), כרטיס בהצדעה נטען (ראשי)",0,כרטיס בהצדעה נטען (ראשי): הנחת מועדון | כרטיס בהצדעה נטען (ראשי): הנחת מועדון | כרטיס בהצדעה נטען (ראשי): הנחת מועדון,,
קרליין אונליין,כללי,"כרטיס בהצדעה נטען (ראשי), כרטיס בהצדעה נטען (ראשי), כרטיס בהצדעה נטען (ראשי)",0,כרטיס בהצדעה נטען (ראשי): הנחת מועדון | כרטיס בהצדעה נטען (ראשי): הנחת מועדון | כרטיס בהצדעה נטען (ראשי): הנחת מועדון,,
שר ספא אונליין,כללי,"כרטיס בהצדעה נטען (ראשי), כרטיס בהצדעה נטען (ראשי), כרטיס בהצדעה נטען (ראשי)",0,כרטיס בהצדעה נטען (ראשי): הנחת מועדון | כרטיס בהצדעה נטען (ראשי): הנחת מועדון | כרטיס בהצדעה נטען (ראשי): הנחת מועדון,,
Lenovo,כללי,"כרטיס בהצדעה נטען (ראשי), כרטיס בהצדעה נטען (ראשי), כרטיס בהצדעה נטען (ראשי)",0,כרטיס בהצדעה נטען (ראשי): הנחת מועדון | כרטיס בהצדעה נטען (ראשי): הנחת מועדון | כרטיס בהצדעה נטען (ראשי): הנחת מועדון,,
פיקניק אונליין,כללי,"כרטיס בהצדעה נטען (ראשי), כרטיס בהצדעה נטען (ראשי), כרטיס בהצדעה נטען (ראשי)",0,כרטיס בהצדעה נטען (ראשי): הנחת מועדון | כרטיס בהצדעה נטען (ראשי): הנחת מועדון | כרטיס בהצדעה נטען (ראשי): הנחת מועדון,,
ATIA,כללי,"כרטיס בהצדעה נטען (ראשי), כרטיס בהצדעה נטען (ראשי), כרטיס בהצדעה נטען (ראשי)",0,כרטיס בהצדעה נטען (ראשי): הנחת מועדון | כרטיס בהצדעה נטען (ראשי): הנחת מועדון | כרטיס בהצדעה נטען (ראשי): הנחת מועדון,,
YOOZ,כללי,"כרטיס בהצדעה נטען (ראשי), כרטיס בהצדעה נטען (ראשי), כרטיס בהצדעה נטען (ראשי)",0,כרטיס בהצדעה נטען (ראשי): הנחת מועדון | כרטיס בהצדעה נטען (ראשי): הנחת מועדון | כרטיס בהצדעה נטען (ראשי): הנחת מועדון,,
פוקס אונליין,כללי,"כרטיס בהצדעה נטען (ראשי), כרטיס בהצדעה נטען (ראשי), כרטיס בהצדעה נטען (ראשי)",0,כרטיס בהצדעה נטען (ראשי): הנחת מועדון | כרטיס בהצדעה נטען (ראשי): הנחת מועדון | כרטיס בהצדעה נטען (ראשי): הנחת מועדון,,
קרביץ אונליין,כללי,"כרטיס בהצדעה נטען (ראשי), כרטיס בהצדעה נטען (ראשי), כרטיס בהצדעה נטען (ראשי)",0,כרטיס בהצדעה נטען (ראשי): הנחת מועדון | כרטיס בהצדעה נטען (ראשי): הנחת מועדון | כרטיס בהצדעה נטען (ראשי): הנחת מועדון,,
פוט לוקר אונליין,כללי,"כרטיס בהצדעה נטען (ראשי), כרטיס בהצדעה נטען (ראשי), כרטיס בהצדעה נטען (ראשי)",0,כרטיס בהצדעה נטען (ראשי): הנחת מועדון | כרטיס בהצדעה נטען (ראשי): הנחת מועדון | כרטיס בהצדעה נטען (ראשי): הנחת מועדון,,
שילב אונליין,כללי,"כרטיס בהצדעה נטען (ראשי), כרטיס בהצדעה נטען (ראשי), כרטיס בהצדעה נטען (ראשי)",0,כרטיס בהצדעה נטען (ראשי): הנחת מועדון | כרטיס בהצדעה נטען (ראשי): הנחת מועדון | כרטיס בהצדעה נטען (ראשי): הנחת מועדון,,
The beauty intelligence,כללי,"כרטיס בהצדעה נטען (ראשי), כרטיס בהצדעה נטען (ראשי), כרטיס בהצדעה נטען (ראשי)",0,כרטיס בהצדעה נטען (ראשי): הנחת מועדון | כרטיס בהצדעה נטען (ראשי): הנחת מועדון | כרטיס בהצדעה נטען (ראשי): הנחת מועדון,,
ללין אונליין,כללי,"כרטיס בהצדעה נטען (ראשי), כרטיס בהצדעה נטען (ראשי), כרטיס בהצדעה נטען (ראשי)",0,כרטיס בהצדעה נטען (ראשי): הנחת מועדון | כרטיס בהצדעה נטען (ראשי): הנחת מועדון | כרטיס בהצדעה נטען (ראשי): הנחת מועדון,,
ESTHER אונליין,כללי,"כרטיס בהצדעה נטען (ראשי), כרטיס בהצדעה נטען (ראשי), כרטיס בהצדעה נטען (ראשי)",0,כרטיס בהצדעה נטען (ראשי): הנחת מועדון | כרטיס בהצדעה נטען (ראשי): הנחת מועדון | כרטיס בהצדעה נטען (ראשי): הנחת מועדון,,
מינוס 417 אונליין,כללי,"כרטיס בהצדעה נטען (ראשי), כרטיס בהצדעה נטען (ראשי), כרטיס בהצדעה נטען (ראשי)",0,כרטיס בהצדעה נטען (ראשי): הנחת מועדון | כרטיס בהצדעה נטען (ראשי): הנחת מועדון | כרטיס בהצדעה נטען (ראשי): הנחת מועדון,,
BEENY ONLINE,כללי,"כרטיס בהצדעה נטען (ראשי), כרטיס בהצדעה נטען (ראשי), כרטיס בהצדעה נטען (ראשי)",0,כרטיס בהצדעה נטען (ראשי): הנחת מועדון | כרטיס בהצדעה נטען (ראשי): הנחת מועדון | כרטיס בהצדעה נטען (ראשי): הנחת מועדון,,
NOAM LIVING,כללי,"כרטיס בהצדעה נטען (ראשי), כרטיס בהצדעה נטען (ראשי), כרטיס בהצדעה נטען (ראשי)",0,כרטיס בהצדעה נטען (ראשי): הנחת מועדון | כרטיס בהצדעה נטען (ראשי): הנחת מועדון | כרטיס בהצדעה נטען (ראשי): הנחת מועדון,,
DISKISS אונליין,כללי,"כרטיס בהצדעה נטען (ראשי), כרטיס בהצדעה נטען (ראשי), כרטיס בהצדעה נטען (ראשי), כרטיס בהצדעה נטען (ראשי), כרטיס בהצדעה נטען (ראשי), כרטיס בהצדעה נטען (ראשי)",0,כרטיס בהצדעה נטען (ראשי): הנחת מועדון | כרטיס בהצדעה נטען (ראשי): הנחת מועדון | כרטיס בהצדעה נטען (ראשי): הנחת מועדון | כרטיס בהצדעה נטען (ראשי): הנחת מועדון | כרטיס בהצדעה נטען (ראשי): הנחת מועדון | כרטיס בהצדעה נטען (ראשי): הנחת מועדון,,
קאזה בלה אונליין,כללי,"כרטיס בהצדעה נטען (ראשי), כרטיס בהצדעה נטען (ראשי), כרטיס בהצדעה נטען (ראשי)",0,כרטיס בהצדעה נטען (ראשי): הנחת מועדון | כרטיס בהצדעה נטען (ראשי): הנחת מועדון | כרטיס בהצדעה נטען (ראשי): הנחת מועדון,,
Take a nap online,כללי,"כרטיס בהצדעה נטען (ראשי), כרטיס בהצדעה נטען (ראשי), כרטיס בהצדעה נטען (ראשי)",0,כרטיס בהצדעה נטען (ראשי): הנחת מועדון | כרטיס בהצדעה נטען (ראשי): הנחת מועדון | כרטיס בהצדעה נטען (ראשי): הנחת מועדון,,
מכלול אונליין,כללי,"כרטיס בהצדעה נטען (ראשי), כרטיס בהצדעה נטען (ראשי), כרטיס בהצדעה נטען (ראשי)",0,כרטיס בהצדעה נטען (ראשי): הנחת מועדון | כרטיס בהצדעה נטען (ראשי): הנחת מועדון | כרטיס בהצדעה נטען (ראשי): הנחת מועדון,,
עדה לזורגן אונליין,כללי,"כרטיס בהצדעה נטען (ראשי), כרטיס בהצדעה נטען (ראשי), כרטיס בהצדעה נטען (ראשי)",0,כרטיס בהצדעה נטען (ראשי): הנחת מועדון | כרטיס בהצדעה נטען (ראשי): הנחת מועדון | כרטיס בהצדעה נטען (ראשי): הנחת מועדון,,
LOOPI online,כללי,"כרטיס בהצדעה נטען (ראשי), כרטיס בהצדעה נטען (ראשי), כרטיס בהצדעה נטען (ראשי)",0,כרטיס בהצדעה נטען (ראשי): הנחת מועדון | כרטיס בהצדעה נטען (ראשי): הנחת מועדון | כרטיס בהצדעה נטען (ראשי): הנחת מועדון,,
happy empy אונליין,כללי,"כרטיס בהצדעה נטען (ראשי), כרטיס בהצדעה נטען (ראשי), כרטיס בהצדעה נטען (ראשי)",0,כרטיס בהצדעה נטען (ראשי): הנחת מועדון | כרטיס בהצדעה נטען (ראשי): הנחת מועדון | כרטיס בהצדעה נטען (ראשי): הנחת מועדון,,
היליס מוצרים לילדים ותינוקות בעמ אונליין,כללי,"כרטיס בהצדעה נטען (ראשי), כרטיס בהצדעה נטען (ראשי), כרטיס בהצדעה נטען (ראשי)",0,כרטיס בהצדעה נטען (ראשי): הנחת מועדון | כרטיס בהצדעה נטען (ראשי): הנחת מועדון | כרטיס בהצדעה נטען (ראשי): הנחת מועדון,,
מוצצים אונליין,כללי,"כרטיס בהצדעה נטען (ראשי), כרטיס בהצדעה נטען (ראשי), כרטיס בהצדעה נטען (ראשי)",0,כרטיס בהצדעה נטען (ראשי): הנחת מועדון | כרטיס בהצדעה נטען (ראשי): הנחת מועדון | כרטיס בהצדעה נטען (ראשי): הנחת מועדון,,
byneta online,כללי,"כרטיס בהצדעה נטען (ראשי), כרטיס בהצדעה נטען (ראשי), כרטיס בהצדעה נטען (ראשי)",0,כרטיס בהצדעה נטען (ראשי): הנחת מועדון | כרטיס בהצדעה נטען (ראשי): הנחת מועדון | כרטיס בהצדעה נטען (ראשי): הנחת מועדון,,
GABY'S online,כללי,"כרטיס בהצדעה נטען (ראשי), כרטיס בהצדעה נטען (ראשי), כרטיס בהצדעה נטען (ראשי)",0,כרטיס בהצדעה נטען (ראשי): הנחת מועדון | כרטיס בהצדעה נטען (ראשי): הנחת מועדון | כרטיס בהצדעה נטען (ראשי): הנחת מועדון,,
סנדלי שורש אונליין,כללי,"כרטיס בהצדעה נטען (ראשי), כרטיס בהצדעה נטען (ראשי), כרטיס בהצדעה נטען (ראשי)",0,כרטיס בהצדעה נטען (ראשי): הנחת מועדון | כרטיס בהצדעה נטען (ראשי): הנחת מועדון | כרטיס בהצדעה נטען (ראשי): הנחת מועדון,,
אופנה ולייף סטייל,אופנה ולייף סטייל,כרטיס בהצדעה נטען (ראשי),0,כרטיס בהצדעה נטען (ראשי): הנחת מועדון,,
הגרה,אירוקה ביי סופר-פארם,"כרטיס בהצדעה נטען (ראשי), כרטיס בהצדעה נטען (ראשי), כרטיס בהצדעה נטען (ראשי), כרטיס בהצדעה נטען (ראשי)",0,כרטיס בהצדעה נטען (ראשי): הנחת מועדון | כרטיס בהצדעה נטען (ראשי): הנחת מועדון | כרטיס בהצדעה נטען (ראשי): הנחת מועדון | כרטיס בהצדעה נטען (ראשי): הנחת מועדון,,
קרייזי ליין,כללי,"כרטיס בהצדעה נטען (ראשי), כרטיס בהצדעה נטען (ראשי), כרטיס בהצדעה נטען (ראשי)",0,כרטיס בהצדעה נטען (ראשי): הנחת מועדון | כרטיס בהצדעה נטען (ראשי): הנחת מועדון | כרטיס בהצדעה נטען (ראשי): הנחת מועדון,,
נייק,כללי,"כרטיס בהצדעה נטען (ראשי), כרטיס בהצדעה נטען (ראשי), כרטיס בהצדעה נטען (ראשי)",0,כרטיס בהצדעה נטען (ראשי): הנחת מועדון | כרטיס בהצדעה נטען (ראשי): הנחת מועדון | כרטיס בהצדעה נטען (ראשי): הנחת מועדון,,
תיק התיקים,כללי,"כרטיס בהצדעה נטען (ראשי), כרטיס בהצדעה נטען (ראשי), כרטיס בהצדעה נטען (ראשי)",0,כרטיס בהצדעה נטען (ראשי): הנחת מועדון | כרטיס בהצדעה נטען (ראשי): הנחת מועדון | כרטיס בהצדעה נטען (ראשי): הנחת מועדון,,
אלוף הספורט,אלוף הספורט,"כרטיס בהצדעה נטען (ראשי), כרטיס בהצדעה נטען (ראשי), כרטיס בהצדעה נטען (ראשי)",0,כרטיס בהצדעה נטען (ראשי): הנחת מועדון | כרטיס בהצדעה נטען (ראשי): הנחת מועדון | כרטיס בהצדעה נטען (ראשי): הנחת מועדון,,
LEE,כללי,"כרטיס בהצדעה נטען (ראשי), כרטיס בהצדעה נטען (ראשי), כרטיס בהצדעה נטען (ראשי)",0,כרטיס בהצדעה נטען (ראשי): הנחת מועדון | כרטיס בהצדעה נטען (ראשי): הנחת מועדון | כרטיס בהצדעה נטען (ראשי): הנחת מועדון,,
NEW ERA,כללי,"כרטיס בהצדעה נטען (ראשי), כרטיס בהצדעה נטען (ראשי), כרטיס בהצדעה נטען (ראשי)",0,כרטיס בהצדעה נטען (ראשי): הנחת מועדון | כרטיס בהצדעה נטען (ראשי): הנחת מועדון | כרטיס בהצדעה נטען (ראשי): הנחת מועדון,,
Wrangler,כללי,"כרטיס בהצדעה נטען (ראשי), כרטיס בהצדעה נטען (ראשי), כרטיס בהצדעה נטען (ראשי)",0,כרטיס בהצדעה נטען (ראשי): הנחת מועדון | כרטיס בהצדעה נטען (ראשי): הנחת מועדון | כרטיס בהצדעה נטען (ראשי): הנחת מועדון,,
איתי ברנדס,כללי,"כרטיס בהצדעה נטען (ראשי), כרטיס בהצדעה נטען (ראשי), כרטיס בהצדעה נטען (ראשי)",0,כרטיס בהצדעה נטען (ראשי): הנחת מועדון | כרטיס בהצדעה נטען (ראשי): הנחת מועדון | כרטיס בהצדעה נטען (ראשי): הנחת מועדון,,
עדה לזורגן,כללי,"כרטיס בהצדעה נטען (ראשי), כרטיס בהצדעה נטען (ראשי), כרטיס בהצדעה נטען (ראשי)",0,כרטיס בהצדעה נטען (ראשי): הנחת מועדון | כרטיס בהצדעה נטען (ראשי): הנחת מועדון | כרטיס בהצדעה נטען (ראשי): הנחת מועדון,,
רשת גט פרו,כללי,"כרטיס בהצדעה נטען (ראשי), כרטיס בהצדעה נטען (ראשי), כרטיס בהצדעה נטען (ראשי)",0,כרטיס בהצדעה נטען (ראשי): הנחת מועדון | כרטיס בהצדעה נטען (ראשי): הנחת מועדון | כרטיס בהצדעה נטען (ראשי): הנחת מועדון,,
רשת מקימי,כללי,"כרטיס בהצדעה נטען (ראשי), כרטיס בהצדעה נטען (ראשי), כרטיס בהצדעה נטען (ראשי)",0,כרטיס בהצדעה נטען (ראשי): הנחת מועדון | כרטיס בהצדעה נטען (ראשי): הנחת מועדון | כרטיס בהצדעה נטען (ראשי): הנחת מועדון,,
אלקטרה זכיין אדידס,כללי,"כרטיס בהצדעה נטען (ראשי), כרטיס בהצדעה נטען (ראשי), כרטיס בהצדעה נטען (ראשי)",0,כרטיס בהצדעה נטען (ראשי): הנחת מועדון | כרטיס בהצדעה נטען (ראשי): הנחת מועדון | כרטיס בהצדעה נטען (ראשי): הנחת מועדון,,
פוקס,כללי,"כרטיס בהצדעה נטען (ראשי), כרטיס בהצדעה נטען (ראשי), כרטיס בהצדעה נטען (ראשי)",0,כרטיס בהצדעה נטען (ראשי): הנחת מועדון | כרטיס בהצדעה נטען (ראשי): הנחת מועדון | כרטיס בהצדעה נטען (ראשי): הנחת מועדון,,
אמריקן איגל,כללי,"כרטיס בהצדעה נטען (ראשי), כרטיס בהצדעה נטען (ראשי), כרטיס בהצדעה נטען (ראשי)",0,כרטיס בהצדעה נטען (ראשי): הנחת מועדון | כרטיס בהצדעה נטען (ראשי): הנחת מועדון | כרטיס בהצדעה נטען (ראשי): הנחת מועדון,,
דונה ויקטוריה,כללי,"כרטיס בהצדעה נטען (ראשי), כרטיס בהצדעה נטען (ראשי), כרטיס בהצדעה נטען (ראשי)",0,כרטיס בהצדעה נטען (ראשי): הנחת מועדון | כרטיס בהצדעה נטען (ראשי): הנחת מועדון | כרטיס בהצדעה נטען (ראשי): הנחת מועדון,,
מנגו,כללי,"כרטיס בהצדעה נטען (ראשי), כרטיס בהצדעה נטען (ראשי), כרטיס בהצדעה נטען (ראשי)",0,כרטיס בהצדעה נטען (ראשי): הנחת מועדון | כרטיס בהצדעה נטען (ראשי): הנחת מועדון | כרטיס בהצדעה נטען (ראשי): הנחת מועדון,,
ללין,כללי,"כרטיס בהצדעה נטען (ראשי), כרטיס בהצדעה נטען (ראשי), כרטיס בהצדעה נטען (ראשי)",0,כרטיס בהצדעה נטען (ראשי): הנחת מועדון | כרטיס בהצדעה נטען (ראשי): הנחת מועדון | כרטיס בהצדעה נטען (ראשי): הנחת מועדון,,
סבון,כללי,"כרטיס בהצדעה נטען (ראשי), כרטיס בהצדעה נטען (ראשי), כרטיס בהצדעה נטען (ראשי)",0,כרטיס בהצדעה נטען (ראשי): הנחת מועדון | כרטיס בהצדעה נטען (ראשי): הנחת מועדון | כרטיס בהצדעה נטען (ראשי): הנחת מועדון,,
בילבונג,כללי,"כרטיס בהצדעה נטען (ראשי), כרטיס בהצדעה נטען (ראשי), כרטיס בהצדעה נטען (ראשי)",0,כרטיס בהצדעה נטען (ראשי): הנחת מועדון | כרטיס בהצדעה נטען (ראשי): הנחת מועדון | כרטיס בהצדעה נטען (ראשי): הנחת מועדון,,
H&O,כללי,"כרטיס בהצדעה נטען (ראשי), כרטיס בהצדעה נטען (ראשי), כרטיס בהצדעה נטען (ראשי)",0,כרטיס בהצדעה נטען (ראשי): הנחת מועדון | כרטיס בהצדעה נטען (ראשי): הנחת מועדון | כרטיס בהצדעה נטען (ראשי): הנחת מועדון,,
גולף,כללי,"כרטיס בהצדעה נטען (ראשי), כרטיס בהצדעה נטען (ראשי), כרטיס בהצדעה נטען (ראשי)",0,כרטיס בהצדעה נטען (ראשי): הנחת מועדון | כרטיס בהצדעה נטען (ראשי): הנחת מועדון | כרטיס בהצדעה נטען (ראשי): הנחת מועדון,,
מגה ספורט,מגה ספורט,"כרטיס בהצדעה נטען (ראשי), כרטיס בהצדעה נטען (ראשי), כרטיס בהצדעה נטען (ראשי)",0,כרטיס בהצדעה נטען (ראשי): הנחת מועדון | כרטיס בהצדעה נטען (ראשי): הנחת מועדון | כרטיס בהצדעה נטען (ראשי): הנחת מועדון,,
פולגת,כללי,"כרטיס בהצדעה נטען (ראשי), כרטיס בהצדעה נטען (ראשי), כרטיס בהצדעה נטען (ראשי)",0,כרטיס בהצדעה נטען (ראשי): הנחת מועדון | כרטיס בהצדעה נטען (ראשי): הנחת מועדון | כרטיס בהצדעה נטען (ראשי): הנחת מועדון,,
אינטימה,כללי,"כרטיס בהצדעה נטען (ראשי), כרטיס בהצדעה נטען (ראשי), כרטיס בהצדעה נטען (ראשי)",0,כרטיס בהצדעה נטען (ראשי): הנחת מועדון | כרטיס בהצדעה נטען (ראשי): הנחת מועדון | כרטיס בהצדעה נטען (ראשי): הנחת מועדון,,
GOLF KIDS,כללי,"כרטיס בהצדעה נטען (ראשי), כרטיס בהצדעה נטען (ראשי), כרטיס בהצדעה נטען (ראשי)",0,כרטיס בהצדעה נטען (ראשי): הנחת מועדון | כרטיס בהצדעה נטען (ראשי): הנחת מועדון | כרטיס בהצדעה נטען (ראשי): הנחת מועדון,,
NYOU,כללי,"כרטיס בהצדעה נטען (ראשי), כרטיס בהצדעה נטען (ראשי), כרטיס בהצדעה נטען (ראשי)",0,כרטיס בהצדעה נטען (ראשי): הנחת מועדון | כרטיס בהצדעה נטען (ראשי): הנחת מועדון | כרטיס בהצדעה נטען (ראשי): הנחת מועדון,,
ריפליי,כללי,"כרטיס בהצדעה נטען (ראשי), כרטיס בהצדעה נטען (ראשי), כרטיס בהצדעה נטען (ראשי)",0,כרטיס בהצדעה נטען (ראשי): הנחת מועדון | כרטיס בהצדעה נטען (ראשי): הנחת מועדון | כרטיס בהצדעה נטען (ראשי): הנחת מועדון,,
סאקוני,כללי,"כרטיס בהצדעה נטען (ראשי), כרטיס בהצדעה נטען (ראשי), כרטיס בהצדעה נטען (ראשי)",0,כרטיס בהצדעה נטען (ראשי): הנחת מועדון | כרטיס בהצדעה נטען (ראשי): הנחת מועדון | כרטיס בהצדעה נטען (ראשי): הנחת מועדון,,
The Childrens Place,כללי,"כרטיס בהצדעה נטען (ראשי), כרטיס בהצדעה נטען (ראשי), כרטיס בהצדעה נטען (ראשי)",0,כרטיס בהצדעה נטען (ראשי): הנחת מועדון | כרטיס בהצדעה נטען (ראשי): הנחת מועדון | כרטיס בהצדעה נטען (ראשי): הנחת מועדון,,
גלי,כללי,"כרטיס בהצדעה נטען (ראשי), כרטיס בהצדעה נטען (ראשי), כרטיס בהצדעה נטען (ראשי)",0,כרטיס בהצדעה נטען (ראשי): הנחת מועדון | כרטיס בהצדעה נטען (ראשי): הנחת מועדון | כרטיס בהצדעה נטען (ראשי): הנחת מועדון,,
לי קופר,כללי,"כרטיס בהצדעה נטען (ראשי), כרטיס בהצדעה נטען (ראשי), כרטיס בהצדעה נטען (ראשי)",0,כרטיס בהצדעה נטען (ראשי): הנחת מועדון | כרטיס בהצדעה נטען (ראשי): הנחת מועדון | כרטיס בהצדעה נטען (ראשי): הנחת מועדון,,
ניין ווסט,כללי,"כרטיס בהצדעה נטען (ראשי), כרטיס בהצדעה נטען (ראשי), כרטיס בהצדעה נטען (ראשי)",0,כרטיס בהצדעה נטען (ראשי): הנחת מועדון | כרטיס בהצדעה נטען (ראשי): הנחת מועדון | כרטיס בהצדעה נטען (ראשי): הנחת מועדון,,
סולוג,כללי,"כרטיס בהצדעה נטען (ראשי), כרטיס בהצדעה נטען (ראשי), כרטיס בהצדעה נטען (ראשי)",0,כרטיס בהצדעה נטען (ראשי): הנחת מועדון | כרטיס בהצדעה נטען (ראשי): הנחת מועדון | כרטיס בהצדעה נטען (ראשי): הנחת מועדון,,
אופטיקנה,כללי,"כרטיס בהצדעה נטען (ראשי), כרטיס בהצדעה נטען (ראשי), כרטיס בהצדעה נטען (ראשי)",0,כרטיס בהצדעה נטען (ראשי): הנחת מועדון | כרטיס בהצדעה נטען (ראשי): הנחת מועדון | כרטיס בהצדעה נטען (ראשי): הנחת מועדון,,
ריקושט,כללי,"כרטיס בהצדעה נטען (ראשי), כרטיס בהצדעה נטען (ראשי), כרטיס בהצדעה נטען (ראשי)",0,כרטיס בהצדעה נטען (ראשי): הנחת מועדון | כרטיס בהצדעה נטען (ראשי): הנחת מועדון | כרטיס בהצדעה נטען (ראשי): הנחת מועדון,,
אפרודיטה,כללי,"כרטיס בהצדעה נטען (ראשי), כרטיס בהצדעה נטען (ראשי), כרטיס בהצדעה נטען (ראשי)",0,כרטיס בהצדעה נטען (ראשי): הנחת מועדון | כרטיס בהצדעה נטען (ראשי): הנחת מועדון | כרטיס בהצדעה נטען (ראשי): הנחת מועדון,,
Carter's,כללי,"כרטיס בהצדעה נטען (ראשי), כרטיס בהצדעה נטען (ראשי), כרטיס בהצדעה נטען (ראשי)",0,כרטיס בהצדעה נטען (ראשי): הנחת מועדון | כרטיס בהצדעה נטען (ראשי): הנחת מועדון | כרטיס בהצדעה נטען (ראשי): הנחת מועדון,,
פפאיה,כללי,"כרטיס בהצדעה נטען (ראשי), כרטיס בהצדעה נטען (ראשי), כרטיס בהצדעה נטען (ראשי)",0,כרטיס בהצדעה נטען (ראשי): הנחת מועדון | כרטיס בהצדעה נטען (ראשי): הנחת מועדון | כרטיס בהצדעה נטען (ראשי): הנחת מועדון,,
טימברלנד,כללי,"כרטיס בהצדעה נטען (ראשי), כרטיס בהצדעה נטען (ראשי), כרטיס בהצדעה נטען (ראשי)",0,כרטיס בהצדעה נטען (ראשי): הנחת מועדון | כרטיס בהצדעה נטען (ראשי): הנחת מועדון | כרטיס בהצדעה נטען (ראשי): הנחת מועדון,,
ראלף לורן,כללי,"כרטיס בהצדעה נטען (ראשי), כרטיס בהצדעה נטען (ראשי), כרטיס בהצדעה נטען (ראשי)",0,כרטיס בהצדעה נטען (ראשי): הנחת מועדון | כרטיס בהצדעה נטען (ראשי): הנחת מועדון | כרטיס בהצדעה נטען (ראשי): הנחת מועדון,,
נאוטיקה,כללי,"כרטיס בהצדעה נטען (ראשי), כרטיס בהצדעה נטען (ראשי), כרטיס בהצדעה נטען (ראשי)",0,כרטיס בהצדעה נטען (ראשי): הנחת מועדון | כרטיס בהצדעה נטען (ראשי): הנחת מועדון | כרטיס בהצדעה נטען (ראשי): הנחת מועדון,,
ליוויס,כללי,"כרטיס בהצדעה נטען (ראשי), כרטיס בהצדעה נטען (ראשי), כרטיס בהצדעה נטען (ראשי)",0,כרטיס בהצדעה נטען (ראשי): הנחת מועדון | כרטיס בהצדעה נטען (ראשי): הנחת מועדון | כרטיס בהצדעה נטען (ראשי): הנחת מועדון,,
ARMANI EXCHANGE,כללי,"כרטיס בהצדעה נטען (ראשי), כרטיס בהצדעה נטען (ראשי), כרטיס בהצדעה נטען (ראשי)",0,כרטיס בהצדעה נטען (ראשי): הנחת מועדון | כרטיס בהצדעה נטען (ראשי): הנחת מועדון | כרטיס בהצדעה נטען (ראשי): הנחת מועדון,,
paul&shark,כללי,"כרטיס בהצדעה נטען (ראשי), כרטיס בהצדעה נטען (ראשי), כרטיס בהצדעה נטען (ראשי)",0,כרטיס בהצדעה נטען (ראשי): הנחת מועדון | כרטיס בהצדעה נטען (ראשי): הנחת מועדון | כרטיס בהצדעה נטען (ראשי): הנחת מועדון,,
מייקל קורס,כללי,"כרטיס בהצדעה נטען (ראשי), כרטיס בהצדעה נטען (ראשי), כרטיס בהצדעה נטען (ראשי)",0,כרטיס בהצדעה נטען (ראשי): הנחת מועדון | כרטיס בהצדעה נטען (ראשי): הנחת מועדון | כרטיס בהצדעה נטען (ראשי): הנחת מועדון,,
דיזל,כללי,"כרטיס בהצדעה נטען (ראשי), כרטיס בהצדעה נטען (ראשי), כרטיס בהצדעה נטען (ראשי)",0,כרטיס בהצדעה נטען (ראשי): הנחת מועדון | כרטיס בהצדעה נטען (ראשי): הנחת מועדון | כרטיס בהצדעה נטען (ראשי): הנחת מועדון,,
טומי הילפיגר,כללי,"כרטיס בהצדעה נטען (ראשי), כרטיס בהצדעה נטען (ראשי), כרטיס בהצדעה נטען (ראשי)",0,כרטיס בהצדעה נטען (ראשי): הנחת מועדון | כרטיס בהצדעה נטען (ראשי): הנחת מועדון | כרטיס בהצדעה נטען (ראשי): הנחת מועדון,,
The North Face,כללי,"כרטיס בהצדעה נטען (ראשי), כרטיס בהצדעה נטען (ראשי), כרטיס בהצדעה נטען (ראשי)",0,כרטיס בהצדעה נטען (ראשי): הנחת מועדון | כרטיס בהצדעה נטען (ראשי): הנחת מועדון | כרטיס בהצדעה נטען (ראשי): הנחת מועדון,,
VANS,כללי,"כרטיס בהצדעה נטען (ראשי), כרטיס בהצדעה נטען (ראשי), כרטיס בהצדעה נטען (ראשי)",0,כרטיס בהצדעה נטען (ראשי): הנחת מועדון | כרטיס בהצדעה נטען (ראשי): הנחת מועדון | כרטיס בהצדעה נטען (ראשי): הנחת מועדון,,
סקצ'רס,כללי,"כרטיס בהצדעה נטען (ראשי), כרטיס בהצדעה נטען (ראשי), כרטיס בהצדעה נטען (ראשי)",0,כרטיס בהצדעה נטען (ראשי): הנחת מועדון | כרטיס בהצדעה נטען (ראשי): הנחת מועדון | כרטיס בהצדעה נטען (ראשי): הנחת מועדון,,
אלדו,כללי,"כרטיס בהצדעה נטען (ראשי), כרטיס בהצדעה נטען (ראשי), כרטיס בהצדעה נטען (ראשי)",0,כרטיס בהצדעה נטען (ראשי): הנחת מועדון | כרטיס בהצדעה נטען (ראשי): הנחת מועדון | כרטיס בהצדעה נטען (ראשי): הנחת מועדון,,
בוניטה דה מאס,כללי,"כרטיס בהצדעה נטען (ראשי), כרטיס בהצדעה נטען (ראשי), כרטיס בהצדעה נטען (ראשי)",0,כרטיס בהצדעה נטען (ראשי): הנחת מועדון | כרטיס בהצדעה נטען (ראשי): הנחת מועדון | כרטיס בהצדעה נטען (ראשי): הנחת מועדון,,
JUMP & ONOT,כללי,"כרטיס בהצדעה נטען (ראשי), כרטיס בהצדעה נטען (ראשי), כרטיס בהצדעה נטען (ראשי)",0,כרטיס בהצדעה נטען (ראשי): הנחת מועדון | כרטיס בהצדעה נטען (ראשי): הנחת מועדון | כרטיס בהצדעה נטען (ראשי): הנחת מועדון,,
SHOWOFF,כללי,"כרטיס בהצדעה נטען (ראשי), כרטיס בהצדעה נטען (ראשי), כרטיס בהצדעה נטען (ראשי)",0,כרטיס בהצדעה נטען (ראשי): הנחת מועדון | כרטיס בהצדעה נטען (ראשי): הנחת מועדון | כרטיס בהצדעה נטען (ראשי): הנחת מועדון,,
Nimrod and More,כללי,"כרטיס בהצדעה נטען (ראשי), כרטיס בהצדעה נטען (ראשי), כרטיס בהצדעה נטען (ראשי)",0,כרטיס בהצדעה נטען (ראשי): הנחת מועדון | כרטיס בהצדעה נטען (ראשי): הנחת מועדון | כרטיס בהצדעה נטען (ראשי): הנחת מועדון,,
תכשיק,כללי,"כרטיס בהצדעה נטען (ראשי), כרטיס בהצדעה נטען (ראשי), כרטיס בהצדעה נטען (ראשי)",0,כרטיס בהצדעה נטען (ראשי): הנחת מועדון | כרטיס בהצדעה נטען (ראשי): הנחת מועדון | כרטיס בהצדעה נטען (ראשי): הנחת מועדון,,
אייס קיוב,כללי,"כרטיס בהצדעה נטען (ראשי), כרטיס בהצדעה נטען (ראשי), כרטיס בהצדעה נטען (ראשי)",0,כרטיס בהצדעה נטען (ראשי): הנחת מועדון | כרטיס בהצדעה נטען (ראשי): הנחת מועדון | כרטיס בהצדעה נטען (ראשי): הנחת מועדון,,
פוט לוקר,כללי,"כרטיס בהצדעה נטען (ראשי), כרטיס בהצדעה נטען (ראשי), כרטיס בהצדעה נטען (ראשי)",0,כרטיס בהצדעה נטען (ראשי): הנחת מועדון | כרטיס בהצדעה נטען (ראשי): הנחת מועדון | כרטיס בהצדעה נטען (ראשי): הנחת מועדון,,
בודי שופ,כללי,"כרטיס בהצדעה נטען (ראשי), כרטיס בהצדעה נטען (ראשי), כרטיס בהצדעה נטען (ראשי)",0,כרטיס בהצדעה נטען (ראשי): הנחת מועדון | כרטיס בהצדעה נטען (ראשי): הנחת מועדון | כרטיס בהצדעה נטען (ראשי): הנחת מועדון,,
קלווין קליין,כללי,"כרטיס בהצדעה נטען (ראשי), כרטיס בהצדעה נטען (ראשי), כרטיס בהצדעה נטען (ראשי)",0,כרטיס בהצדעה נטען (ראשי): הנחת מועדון | כרטיס בהצדעה נטען (ראשי): הנחת מועדון | כרטיס בהצדעה נטען (ראשי): הנחת מועדון,,
פקטורי 54,כללי,"כרטיס בהצדעה נטען (ראשי), כרטיס בהצדעה נטען (ראשי), כרטיס בהצדעה נטען (ראשי)",0,כרטיס בהצדעה נטען (ראשי): הנחת מועדון | כרטיס בהצדעה נטען (ראשי): הנחת מועדון | כרטיס בהצדעה נטען (ראשי): הנחת מועדון,,
אמפוריו ארמאני,כללי,"כרטיס בהצדעה נטען (ראשי), כרטיס בהצדעה נטען (ראשי), כרטיס בהצדעה נטען (ראשי)",0,כרטיס בהצדעה נטען (ראשי): הנחת מועדון | כרטיס בהצדעה נטען (ראשי): הנחת מועדון | כרטיס בהצדעה נטען (ראשי): הנחת מועדון,,
סטיב מאדן,כללי,"כרטיס בהצדעה נטען (ראשי), כרטיס בהצדעה נטען (ראשי), כרטיס בהצדעה נטען (ראשי)",0,כרטיס בהצדעה נטען (ראשי): הנחת מועדון | כרטיס בהצדעה נטען (ראשי): הנחת מועדון | כרטיס בהצדעה נטען (ראשי): הנחת מועדון,,
שילב,כללי,"כרטיס בהצדעה נטען (ראשי), כרטיס בהצדעה נטען (ראשי), כרטיס בהצדעה נטען (ראשי)",0,כרטיס בהצדעה נטען (ראשי): הנחת מועדון | כרטיס בהצדעה נטען (ראשי): הנחת מועדון | כרטיס בהצדעה נטען (ראשי): הנחת מועדון,,
פמינה,כללי,"כרטיס בהצדעה נטען (ראשי), כרטיס בהצדעה נטען (ראשי), כרטיס בהצדעה נטען (ראשי)",0,כרטיס בהצדעה נטען (ראשי): הנחת מועדון | כרטיס בהצדעה נטען (ראשי): הנחת מועדון | כרטיס בהצדעה נטען (ראשי): הנחת מועדון,,
בוס,כללי,"כרטיס בהצדעה נטען (ראשי), כרטיס בהצדעה נטען (ראשי), כרטיס בהצדעה נטען (ראשי)",0,כרטיס בהצדעה נטען (ראשי): הנחת מועדון | כרטיס בהצדעה נטען (ראשי): הנחת מועדון | כרטיס בהצדעה נטען (ראשי): הנחת מועדון,,
לי קופר קידס,כללי,"כרטיס בהצדעה נטען (ראשי), כרטיס בהצדעה נטען (ראשי), כרטיס בהצדעה נטען (ראשי)",0,כרטיס בהצדעה נטען (ראשי): הנחת מועדון | כרטיס בהצדעה נטען (ראשי): הנחת מועדון | כרטיס בהצדעה נטען (ראשי): הנחת מועדון,,
לחייל ולטייל,כללי,"כרטיס בהצדעה נטען (ראשי), כרטיס בהצדעה נטען (ראשי), כרטיס בהצדעה נטען (ראשי)",0,כרטיס בהצדעה נטען (ראשי): הנחת מועדון | כרטיס בהצדעה נטען (ראשי): הנחת מועדון | כרטיס בהצדעה נטען (ראשי): הנחת מועדון,,
אמפוריום,כללי,"כרטיס בהצדעה נטען (ראשי), כרטיס בהצדעה נטען (ראשי), כרטיס בהצדעה נטען (ראשי)",0,כרטיס בהצדעה נטען (ראשי): הנחת מועדון | כרטיס בהצדעה נטען (ראשי): הנחת מועדון | כרטיס בהצדעה נטען (ראשי): הנחת מועדון,,
ג'ק קובה,כללי,"כרטיס בהצדעה נטען (ראשי), כרטיס בהצדעה נטען (ראשי), כרטיס בהצדעה נטען (ראשי)",0,כרטיס בהצדעה נטען (ראשי): הנחת מועדון | כרטיס בהצדעה נטען (ראשי): הנחת מועדון | כרטיס בהצדעה נטען (ראשי): הנחת מועדון,,
ספידו,כללי,"כרטיס בהצדעה נטען (ראשי), כרטיס בהצדעה נטען (ראשי), כרטיס בהצדעה נטען (ראשי)",0,כרטיס בהצדעה נטען (ראשי): הנחת מועדון | כרטיס בהצדעה נטען (ראשי): הנחת מועדון | כרטיס בהצדעה נטען (ראשי): הנחת מועדון,,
לסטר,כללי,"כרטיס בהצדעה נטען (ראשי), כרטיס בהצדעה נטען (ראשי), כרטיס בהצדעה נטען (ראשי)",0,כרטיס בהצדעה נטען (ראשי): הנחת מועדון | כרטיס בהצדעה נטען (ראשי): הנחת מועדון | כרטיס בהצדעה נטען (ראשי): הנחת מועדון,,
קולומביה,כללי,"כרטיס בהצדעה נטען (ראשי), כרטיס בהצדעה נטען (ראשי), כרטיס בהצדעה נטען (ראשי)",0,כרטיס בהצדעה נטען (ראשי): הנחת מועדון | כרטיס בהצדעה נטען (ראשי): הנחת מועדון | כרטיס בהצדעה נטען (ראשי): הנחת מועדון,,
Outsiders,כללי,"כרטיס בהצדעה נטען (ראשי), כרטיס בהצדעה נטען (ראשי), כרטיס בהצדעה נטען (ראשי)",0,כרטיס בהצדעה נטען (ראשי): הנחת מועדון | כרטיס בהצדעה נטען (ראשי): הנחת מועדון | כרטיס בהצדעה נטען (ראשי): הנחת מועדון,,
שבילים,כללי,"כרטיס בהצדעה נטען (ראשי), כרטיס בהצדעה נטען (ראשי), כרטיס בהצדעה נטען (ראשי)",0,כרטיס בהצדעה נטען (ראשי): הנחת מועדון | כרטיס בהצדעה נטען (ראשי): הנחת מועדון | כרטיס בהצדעה נטען (ראשי): הנחת מועדון,,
אליסיום,כללי,"כרטיס בהצדעה נטען (ראשי), כרטיס בהצדעה נטען (ראשי), כרטיס בהצדעה נטען (ראשי)",0,כרטיס בהצדעה נטען (ראשי): הנחת מועדון | כרטיס בהצדעה נטען (ראשי): הנחת מועדון | כרטיס בהצדעה נטען (ראשי): הנחת מועדון,,
מיננה,כללי,"כרטיס בהצדעה נטען (ראשי), כרטיס בהצדעה נטען (ראשי), כרטיס בהצדעה נטען (ראשי)",0,כרטיס בהצדעה נטען (ראשי): הנחת מועדון | כרטיס בהצדעה נטען (ראשי): הנחת מועדון | כרטיס בהצדעה נטען (ראשי): הנחת מועדון,,
פטיט באטו,כללי,"כרטיס בהצדעה נטען (ראשי), כרטיס בהצדעה נטען (ראשי), כרטיס בהצדעה נטען (ראשי)",0,כרטיס בהצדעה נטען (ראשי): הנחת מועדון | כרטיס בהצדעה נטען (ראשי): הנחת מועדון | כרטיס בהצדעה נטען (ראשי): הנחת מועדון,,
פומה,כללי,"כרטיס בהצדעה נטען (ראשי), כרטיס בהצדעה נטען (ראשי), כרטיס בהצדעה נטען (ראשי)",0,כרטיס בהצדעה נטען (ראשי): הנחת מועדון | כרטיס בהצדעה נטען (ראשי): הנחת מועדון | כרטיס בהצדעה נטען (ראשי): הנחת מועדון,,
מגה ספורט קידס,מגה ספורט קידס,"כרטיס בהצדעה נטען (ראשי), כרטיס בהצדעה נטען (ראשי), כרטיס בהצדעה נטען (ראשי)",0,כרטיס בהצדעה נטען (ראשי): הנחת מועדון | כרטיס בהצדעה נטען (ראשי): הנחת מועדון | כרטיס בהצדעה נטען (ראשי): הנחת מועדון,,
א.א. אורטופדיה,כללי,"כרטיס בהצדעה נטען (ראשי), כרטיס בהצדעה נטען (ראשי), כרטיס בהצדעה נטען (ראשי)",0,כרטיס בהצדעה נטען (ראשי): הנחת מועדון | כרטיס בהצדעה נטען (ראשי): הנחת מועדון | כרטיס בהצדעה נטען (ראשי): הנחת מועדון,,
GUESS,כללי,"כרטיס בהצדעה נטען (ראשי), כרטיס בהצדעה נטען (ראשי), כרטיס בהצדעה נטען (ראשי)",0,כרטיס בהצדעה נטען (ראשי): הנחת מועדון | כרטיס בהצדעה נטען (ראשי): הנחת מועדון | כרטיס בהצדעה נטען (ראשי): הנחת מועדון,,
נאטורפיל,כללי,"כרטיס בהצדעה נטען (ראשי), כרטיס בהצדעה נטען (ראשי), כרטיס בהצדעה נטען (ראשי)",0,כרטיס בהצדעה נטען (ראשי): הנחת מועדון | כרטיס בהצדעה נטען (ראשי): הנחת מועדון | כרטיס בהצדעה נטען (ראשי): הנחת מועדון,,
לבידו,כללי,"כרטיס בהצדעה נטען (ראשי), כרטיס בהצדעה נטען (ראשי), כרטיס בהצדעה נטען (ראשי)",0,כרטיס בהצדעה נטען (ראשי): הנחת מועדון | כרטיס בהצדעה נטען (ראשי): הנחת מועדון | כרטיס בהצדעה נטען (ראשי): הנחת מועדון,,
Take a nap,כללי,"כרטיס בהצדעה נטען (ראשי), כרטיס בהצדעה נטען (ראשי), כרטיס בהצדעה נטען (ראשי)",0,כרטיס בהצדעה נטען (ראשי): הנחת מועדון | כרטיס בהצדעה נטען (ראשי): הנחת מועדון | כרטיס בהצדעה נטען (ראשי): הנחת מועדון,,
איל מקיאג',כללי,"כרטיס בהצדעה נטען (ראשי), כרטיס בהצדעה נטען (ראשי), כרטיס בהצדעה נטען (ראשי)",0,כרטיס בהצדעה נטען (ראשי): הנחת מועדון | כרטיס בהצדעה נטען (ראשי): הנחת מועדון | כרטיס בהצדעה נטען (ראשי): הנחת מועדון,,
בייביסטאר,כללי,"כרטיס בהצדעה נטען (ראשי), כרטיס בהצדעה נטען (ראשי), כרטיס בהצדעה נטען (ראשי)",0,כרטיס בהצדעה נטען (ראשי): הנחת מועדון | כרטיס בהצדעה נטען (ראשי): הנחת מועדון | כרטיס בהצדעה נטען (ראשי): הנחת מועדון,,
G CONCEPT STORE,כללי,"כרטיס בהצדעה נטען (ראשי), כרטיס בהצדעה נטען (ראשי), כרטיס בהצדעה נטען (ראשי)",0,כרטיס בהצדעה נטען (ראשי): הנחת מועדון | כרטיס בהצדעה נטען (ראשי): הנחת מועדון | כרטיס בהצדעה נטען (ראשי): הנחת מועדון,,
DKNY,כללי,"כרטיס בהצדעה נטען (ראשי), כרטיס בהצדעה נטען (ראשי), כרטיס בהצדעה נטען (ראשי)",0,כרטיס בהצדעה נטען (ראשי): הנחת מועדון | כרטיס בהצדעה נטען (ראשי): הנחת מועדון | כרטיס בהצדעה נטען (ראשי): הנחת מועדון,,
סם אדלמן,כללי,"כרטיס בהצדעה נטען (ראשי), כרטיס בהצדעה נטען (ראשי), כרטיס בהצדעה נטען (ראשי)",0,כרטיס בהצדעה נטען (ראשי): הנחת מועדון | כרטיס בהצדעה נטען (ראשי): הנחת מועדון | כרטיס בהצדעה נטען (ראשי): הנחת מועדון,,
סאן גלס,כללי,"כרטיס בהצדעה נטען (ראשי), כרטיס בהצדעה נטען (ראשי), כרטיס בהצדעה נטען (ראשי)",0,כרטיס בהצדעה נטען (ראשי): הנחת מועדון | כרטיס בהצדעה נטען (ראשי): הנחת מועדון | כרטיס בהצדעה נטען (ראשי): הנחת מועדון,,
XRAY,כללי,"כרטיס בהצדעה נטען (ראשי), כרטיס בהצדעה נטען (ראשי), כרטיס בהצדעה נטען (ראשי)",0,כרטיס בהצדעה נטען (ראשי): הנחת מועדון | כרטיס בהצדעה נטען (ראשי): הנחת מועדון | כרטיס בהצדעה נטען (ראשי): הנחת מועדון,,
Ruby Bay,כללי,"כרטיס בהצדעה נטען (ראשי), כרטיס בהצדעה נטען (ראשי), כרטיס בהצדעה נטען (ראשי)",0,כרטיס בהצדעה נטען (ראשי): הנחת מועדון | כרטיס בהצדעה נטען (ראשי): הנחת מועדון | כרטיס בהצדעה נטען (ראשי): הנחת מועדון,,
worker,כללי,"כרטיס בהצדעה נטען (ראשי), כרטיס בהצדעה נטען (ראשי), כרטיס בהצדעה נטען (ראשי)",0,כרטיס בהצדעה נטען (ראשי): הנחת מועדון | כרטיס בהצדעה נטען (ראשי): הנחת מועדון | כרטיס בהצדעה נטען (ראשי): הנחת מועדון,,
ברוקס,כללי,"כרטיס בהצדעה נטען (ראשי), כרטיס בהצדעה נטען (ראשי), כרטיס בהצדעה נטען (ראשי)",0,כרטיס בהצדעה נטען (ראשי): הנחת מועדון | כרטיס בהצדעה נטען (ראשי): הנחת מועדון | כרטיס בהצדעה נטען (ראשי): הנחת מועדון,,
עגליס,כללי,"כרטיס בהצדעה נטען (ראשי), כרטיס בהצדעה נטען (ראשי), כרטיס בהצדעה נטען (ראשי)",0,כרטיס בהצדעה נטען (ראשי): הנחת מועדון | כרטיס בהצדעה נטען (ראשי): הנחת מועדון | כרטיס בהצדעה נטען (ראשי): הנחת מועדון,,
וילברקווין,כללי,"כרטיס בהצדעה נטען (ראשי), כרטיס בהצדעה נטען (ראשי), כרטיס בהצדעה נטען (ראשי)",0,כרטיס בהצדעה נטען (ראשי): הנחת מועדון | כרטיס בהצדעה נטען (ראשי): הנחת מועדון | כרטיס בהצדעה נטען (ראשי): הנחת מועדון,,
קונברס,כללי,"כרטיס בהצדעה נטען (ראשי), כרטיס בהצדעה נטען (ראשי), כרטיס בהצדעה נטען (ראשי)",0,כרטיס בהצדעה נטען (ראשי): הנחת מועדון | כרטיס בהצדעה נטען (ראשי): הנחת מועדון | כרטיס בהצדעה נטען (ראשי): הנחת מועדון,,
בי יוניק,כללי,"כרטיס בהצדעה נטען (ראשי), כרטיס בהצדעה נטען (ראשי), כרטיס בהצדעה נטען (ראשי)",0,כרטיס בהצדעה נטען (ראשי): הנחת מועדון | כרטיס בהצדעה נטען (ראשי): הנחת מועדון | כרטיס בהצדעה נטען (ראשי): הנחת מועדון,,
Rip Curl,כללי,"כרטיס בהצדעה נטען (ראשי), כרטיס בהצדעה נטען (ראשי), כרטיס בהצדעה נטען (ראשי)",0,כרטיס בהצדעה נטען (ראשי): הנחת מועדון | כרטיס בהצדעה נטען (ראשי): הנחת מועדון | כרטיס בהצדעה נטען (ראשי): הנחת מועדון,,
אירוקה ביי סופר-פארם,אירוקה ביי סופר-פארם,"כרטיס בהצדעה נטען (ראשי), כרטיס בהצדעה נטען (ראשי), כרטיס בהצדעה נטען (ראשי)",0,כרטיס בהצדעה נטען (ראשי): הנחת מועדון | כרטיס בהצדעה נטען (ראשי): הנחת מועדון | כרטיס בהצדעה נטען (ראשי): הנחת מועדון,,
אהבה,כללי,"כרטיס בהצדעה נטען (ראשי), כרטיס בהצדעה נטען (ראשי), כרטיס בהצדעה נטען (ראשי)",0,כרטיס בהצדעה נטען (ראשי): הנחת מועדון | כרטיס בהצדעה נטען (ראשי): הנחת מועדון | כרטיס בהצדעה נטען (ראשי): הנחת מועדון,,
אבידור,כללי,"כרטיס בהצדעה נטען (ראשי), כרטיס בהצדעה נטען (ראשי), כרטיס בהצדעה נטען (ראשי)",0,כרטיס בהצדעה נטען (ראשי): הנחת מועדון | כרטיס בהצדעה נטען (ראשי): הנחת מועדון | כרטיס בהצדעה נטען (ראשי): הנחת מועדון,,
אנדר ארמור,כללי,"כרטיס בהצדעה נטען (ראשי), כרטיס בהצדעה נטען (ראשי), כרטיס בהצדעה נטען (ראשי)",0,כרטיס בהצדעה נטען (ראשי): הנחת מועדון | כרטיס בהצדעה נטען (ראשי): הנחת מועדון | כרטיס בהצדעה נטען (ראשי): הנחת מועדון,,
פלטין מותגים,כללי,"כרטיס בהצדעה נטען (ראשי), כרטיס בהצדעה נטען (ראשי), כרטיס בהצדעה נטען (ראשי)",0,כרטיס בהצדעה נטען (ראשי): הנחת מועדון | כרטיס בהצדעה נטען (ראשי): הנחת מועדון | כרטיס בהצדעה נטען (ראשי): הנחת מועדון,,
BOGART,כללי,"כרטיס בהצדעה נטען (ראשי), כרטיס בהצדעה נטען (ראשי), כרטיס בהצדעה נטען (ראשי)",0,כרטיס בהצדעה נטען (ראשי): הנחת מועדון | כרטיס בהצדעה נטען (ראשי): הנחת מועדון | כרטיס בהצדעה נטען (ראשי): הנחת מועדון,,
NK COLLECTION נאווה קולאז,כללי,"כרטיס בהצדעה נטען (ראשי), כרטיס בהצדעה נטען (ראשי), כרטיס בהצדעה נטען (ראשי)",0,כרטיס בהצדעה נטען (ראשי): הנחת מועדון | כרטיס בהצדעה נטען (ראשי): הנחת מועדון | כרטיס בהצדעה נטען (ראשי): הנחת מועדון,,
אדידס ישראל,כללי,"כרטיס בהצדעה נטען (ראשי), כרטיס בהצדעה נטען (ראשי), כרטיס בהצדעה נטען (ראשי)",0,כרטיס בהצדעה נטען (ראשי): הנחת מועדון | כרטיס בהצדעה נטען (ראשי): הנחת מועדון | כרטיס בהצדעה נטען (ראשי): הנחת מועדון,,
את לבני נשים,כללי,"כרטיס בהצדעה נטען (ראשי), כרטיס בהצדעה נטען (ראשי), כרטיס בהצדעה נטען (ראשי)",0,כרטיס בהצדעה נטען (ראשי): הנחת מועדון | כרטיס בהצדעה נטען (ראשי): הנחת מועדון | כרטיס בהצדעה נטען (ראשי): הנחת מועדון,,
רשת פרופורציה,כללי,"כרטיס בהצדעה נטען (ראשי), כרטיס בהצדעה נטען (ראשי), כרטיס בהצדעה נטען (ראשי)",0,כרטיס בהצדעה נטען (ראשי): הנחת מועדון | כרטיס בהצדעה נטען (ראשי): הנחת מועדון | כרטיס בהצדעה נטען (ראשי): הנחת מועדון,,
למטייל,כללי,"כרטיס בהצדעה נטען (ראשי), כרטיס בהצדעה נטען (ראשי), כרטיס בהצדעה נטען (ראשי)",0,כרטיס בהצדעה נטען (ראשי): הנחת מועדון | כרטיס בהצדעה נטען (ראשי): הנחת מועדון | כרטיס בהצדעה נטען (ראשי): הנחת מועדון,,
MIRZA,כללי,"כרטיס בהצדעה נטען (ראשי), כרטיס בהצדעה נטען (ראשי), כרטיס בהצדעה נטען (ראשי)",0,כרטיס בהצדעה נטען (ראשי): הנחת מועדון | כרטיס בהצדעה נטען (ראשי): הנחת מועדון | כרטיס בהצדעה נטען (ראשי): הנחת מועדון,,
LOVE,כללי,"כרטיס בהצדעה נטען (ראשי), כרטיס בהצדעה נטען (ראשי), כרטיס בהצדעה נטען (ראשי)",0,כרטיס בהצדעה נטען (ראשי): הנחת מועדון | כרטיס בהצדעה נטען (ראשי): הנחת מועדון | כרטיס בהצדעה נטען (ראשי): הנחת מועדון,,
הכל לבית,הכל לבית,כרטיס בהצדעה נטען (ראשי),0,כרטיס בהצדעה נטען (ראשי): הנחת מועדון,,
אל מאגו,ביתילי,"כרטיס בהצדעה נטען (ראשי), כרטיס בהצדעה נטען (ראשי), כרטיס בהצדעה נטען (ראשי), כרטיס בהצדעה נטען (ראשי)",0,כרטיס בהצדעה נטען (ראשי): הנחת מועדון | כרטיס בהצדעה נטען (ראשי): הנחת מועדון | כרטיס בהצדעה נטען (ראשי): הנחת מועדון | כרטיס בהצדעה נטען (ראשי): הנחת מועדון,,
רשת KUNI,כללי,"כרטיס בהצדעה נטען (ראשי), כרטיס בהצדעה נטען (ראשי), כרטיס בהצדעה נטען (ראשי)",0,כרטיס בהצדעה נטען (ראשי): הנחת מועדון | כרטיס בהצדעה נטען (ראשי): הנחת מועדון | כרטיס בהצדעה נטען (ראשי): הנחת מועדון,,
רשת סליפי,כללי,"כרטיס בהצדעה נטען (ראשי), כרטיס בהצדעה נטען (ראשי), כרטיס בהצדעה נטען (ראשי)",0,כרטיס בהצדעה נטען (ראשי): הנחת מועדון | כרטיס בהצדעה נטען (ראשי): הנחת מועדון | כרטיס בהצדעה נטען (ראשי): הנחת מועדון,,
Rossetto,כללי,"כרטיס בהצדעה נטען (ראשי), כרטיס בהצדעה נטען (ראשי), כרטיס בהצדעה נטען (ראשי)",0,כרטיס בהצדעה נטען (ראשי): הנחת מועדון | כרטיס בהצדעה נטען (ראשי): הנחת מועדון | כרטיס בהצדעה נטען (ראשי): הנחת מועדון,,
רשת הום דקור,כללי,"כרטיס בהצדעה נטען (ראשי), כרטיס בהצדעה נטען (ראשי), כרטיס בהצדעה נטען (ראשי)",0,כרטיס בהצדעה נטען (ראשי): הנחת מועדון | כרטיס בהצדעה נטען (ראשי): הנחת מועדון | כרטיס בהצדעה נטען (ראשי): הנחת מועדון,,
ורדינון,כללי,"כרטיס בהצדעה נטען (ראשי), כרטיס בהצדעה נטען (ראשי), כרטיס בהצדעה נטען (ראשי)",0,כרטיס בהצדעה נטען (ראשי): הנחת מועדון | כרטיס בהצדעה נטען (ראשי): הנחת מועדון | כרטיס בהצדעה נטען (ראשי): הנחת מועדון,,
סולתם,כללי,"כרטיס בהצדעה נטען (ראשי), כרטיס בהצדעה נטען (ראשי), כרטיס בהצדעה נטען (ראשי)",0,כרטיס בהצדעה נטען (ראשי): הנחת מועדון | כרטיס בהצדעה נטען (ראשי): הנחת מועדון | כרטיס בהצדעה נטען (ראשי): הנחת מועדון,,
המשביר לצרכן,כללי,"כרטיס בהצדעה נטען (ראשי), כרטיס בהצדעה נטען (ראשי), כרטיס בהצדעה נטען (ראשי)",0,כרטיס בהצדעה נטען (ראשי): הנחת מועדון | כרטיס בהצדעה נטען (ראשי): הנחת מועדון | כרטיס בהצדעה נטען (ראשי): הנחת מועדון,,
פוקס הום,כללי,"כרטיס בהצדעה נטען (ראשי), כרטיס בהצדעה נטען (ראשי), כרטיס בהצדעה נטען (ראשי)",0,כרטיס בהצדעה נטען (ראשי): הנחת מועדון | כרטיס בהצדעה נטען (ראשי): הנחת מועדון | כרטיס בהצדעה נטען (ראשי): הנחת מועדון,,
שקם אלקטריק,כללי,"כרטיס בהצדעה נטען (ראשי), כרטיס בהצדעה נטען (ראשי), כרטיס בהצדעה נטען (ראשי)",0,כרטיס בהצדעה נטען (ראשי): הנחת מועדון | כרטיס בהצדעה נטען (ראשי): הנחת מועדון | כרטיס בהצדעה נטען (ראשי): הנחת מועדון,,
נעמן פורצלן,כללי,"כרטיס בהצדעה נטען (ראשי), כרטיס בהצדעה נטען (ראשי), כרטיס בהצדעה נטען (ראשי)",0,כרטיס בהצדעה נטען (ראשי): הנחת מועדון | כרטיס בהצדעה נטען (ראשי): הנחת מועדון | כרטיס בהצדעה נטען (ראשי): הנחת מועדון,,
גולף אנד קו,כללי,"כרטיס בהצדעה נטען (ראשי), כרטיס בהצדעה נטען (ראשי), כרטיס בהצדעה נטען (ראשי)",0,כרטיס בהצדעה נטען (ראשי): הנחת מועדון | כרטיס בהצדעה נטען (ראשי): הנחת מועדון | כרטיס בהצדעה נטען (ראשי): הנחת מועדון,,
כיתן,כללי,"כרטיס בהצדעה נטען (ראשי), כרטיס בהצדעה נטען (ראשי), כרטיס בהצדעה נטען (ראשי)",0,כרטיס בהצדעה נטען (ראשי): הנחת מועדון | כרטיס בהצדעה נטען (ראשי): הנחת מועדון | כרטיס בהצדעה נטען (ראשי): הנחת מועדון,,
גוד נייט,כללי,"כרטיס בהצדעה נטען (ראשי), כרטיס בהצדעה נטען (ראשי), כרטיס בהצדעה נטען (ראשי)",0,כרטיס בהצדעה נטען (ראשי): הנחת מועדון | כרטיס בהצדעה נטען (ראשי): הנחת מועדון | כרטיס בהצדעה נטען (ראשי): הנחת מועדון,,
עמינח,כללי,"כרטיס בהצדעה נטען (ראשי), כרטיס בהצדעה נטען (ראשי), כרטיס בהצדעה נטען (ראשי)",0,כרטיס בהצדעה נטען (ראשי): הנחת מועדון | כרטיס בהצדעה נטען (ראשי): הנחת מועדון | כרטיס בהצדעה נטען (ראשי): הנחת מועדון,,
סטימצקי,כללי,"כרטיס בהצדעה נטען (ראשי), כרטיס בהצדעה נטען (ראשי), כרטיס בהצדעה נטען (ראשי)",0,כרטיס בהצדעה נטען (ראשי): הנחת מועדון | כרטיס בהצדעה נטען (ראשי): הנחת מועדון | כרטיס בהצדעה נטען (ראשי): הנחת מועדון,,
צומת ספרים,צומת ספרים,"כרטיס בהצדעה נטען (ראשי), כרטיס בהצדעה נטען (ראשי), כרטיס בהצדעה נטען (ראשי)",0,כרטיס בהצדעה נטען (ראשי): הנחת מועדון | כרטיס בהצדעה נטען (ראשי): הנחת מועדון | כרטיס בהצדעה נטען (ראשי): הנחת מועדון,,
ACE,כללי,"כרטיס בהצדעה נטען (ראשי), כרטיס בהצדעה נטען (ראשי), כרטיס בהצדעה נטען (ראשי)",0,כרטיס בהצדעה נטען (ראשי): הנחת מועדון | כרטיס בהצדעה נטען (ראשי): הנחת מועדון | כרטיס בהצדעה נטען (ראשי): הנחת מועדון,,
zer4u,כללי,"כרטיס בהצדעה נטען (ראשי), כרטיס בהצדעה נטען (ראשי), כרטיס בהצדעה נטען (ראשי)",0,כרטיס בהצדעה נטען (ראשי): הנחת מועדון | כרטיס בהצדעה נטען (ראשי): הנחת מועדון | כרטיס בהצדעה נטען (ראשי): הנחת מועדון,,
טרקלין חשמל,טרקלין חשמל,"כרטיס בהצדעה נטען (ראשי), כרטיס בהצדעה נטען (ראשי), כרטיס בהצדעה נטען (ראשי)",0,כרטיס בהצדעה נטען (ראשי): הנחת מועדון | כרטיס בהצדעה נטען (ראשי): הנחת מועדון | כרטיס בהצדעה נטען (ראשי): הנחת מועדון,,
ארקוסטיל,כללי,"כרטיס בהצדעה נטען (ראשי), כרטיס בהצדעה נטען (ראשי), כרטיס בהצדעה נטען (ראשי)",0,כרטיס בהצדעה נטען (ראשי): הנחת מועדון | כרטיס בהצדעה נטען (ראשי): הנחת מועדון | כרטיס בהצדעה נטען (ראשי): הנחת מועדון,,
פוד אפיל,כללי,"כרטיס בהצדעה נטען (ראשי), כרטיס בהצדעה נטען (ראשי), כרטיס בהצדעה נטען (ראשי)",0,כרטיס בהצדעה נטען (ראשי): הנחת מועדון | כרטיס בהצדעה נטען (ראשי): הנחת מועדון | כרטיס בהצדעה נטען (ראשי): הנחת מועדון,,
AUTODEPOT,כללי,"כרטיס בהצדעה נטען (ראשי), כרטיס בהצדעה נטען (ראשי), כרטיס בהצדעה נטען (ראשי)",0,כרטיס בהצדעה נטען (ראשי): הנחת מועדון | כרטיס בהצדעה נטען (ראשי): הנחת מועדון | כרטיס בהצדעה נטען (ראשי): הנחת מועדון,,
קלאסיקה,כללי,"כרטיס בהצדעה נטען (ראשי), כרטיס בהצדעה נטען (ראשי), כרטיס בהצדעה נטען (ראשי)",0,כרטיס בהצדעה נטען (ראשי): הנחת מועדון | כרטיס בהצדעה נטען (ראשי): הנחת מועדון | כרטיס בהצדעה נטען (ראשי): הנחת מועדון,,
spices,כללי,"כרטיס בהצדעה נטען (ראשי), כרטיס בהצדעה נטען (ראשי), כרטיס בהצדעה נטען (ראשי)",0,כרטיס בהצדעה נטען (ראשי): הנחת מועדון | כרטיס בהצדעה נטען (ראשי): הנחת מועדון | כרטיס בהצדעה נטען (ראשי): הנחת מועדון,,
מכלול ברמן בקמפוס,כללי,"כרטיס בהצדעה נטען (ראשי), כרטיס בהצדעה נטען (ראשי), כרטיס בהצדעה נטען (ראשי)",0,כרטיס בהצדעה נטען (ראשי): הנחת מועדון | כרטיס בהצדעה נטען (ראשי): הנחת מועדון | כרטיס בהצדעה נטען (ראשי): הנחת מועדון,,
ואהבת,כללי,"כרטיס בהצדעה נטען (ראשי), כרטיס בהצדעה נטען (ראשי), כרטיס בהצדעה נטען (ראשי)",0,כרטיס בהצדעה נטען (ראשי): הנחת מועדון | כרטיס בהצדעה נטען (ראשי): הנחת מועדון | כרטיס בהצדעה נטען (ראשי): הנחת מועדון,,
american comfort,כללי,"כרטיס בהצדעה נטען (ראשי), כרטיס בהצדעה נטען (ראשי), כרטיס בהצדעה נטען (ראשי)",0,כרטיס בהצדעה נטען (ראשי): הנחת מועדון | כרטיס בהצדעה נטען (ראשי): הנחת מועדון | כרטיס בהצדעה נטען (ראשי): הנחת מועדון,,
הום סטייל,כללי,"כרטיס בהצדעה נטען (ראשי), כרטיס בהצדעה נטען (ראשי), כרטיס בהצדעה נטען (ראשי)",0,כרטיס בהצדעה נטען (ראשי): הנחת מועדון | כרטיס בהצדעה נטען (ראשי): הנחת מועדון | כרטיס בהצדעה נטען (ראשי): הנחת מועדון,,
קרביץ,כללי,"כרטיס בהצדעה נטען (ראשי), כרטיס בהצדעה נטען (ראשי), כרטיס בהצדעה נטען (ראשי)",0,כרטיס בהצדעה נטען (ראשי): הנחת מועדון | כרטיס בהצדעה נטען (ראשי): הנחת מועדון | כרטיס בהצדעה נטען (ראשי): הנחת מועדון,,
מוצצים,כללי,"כרטיס בהצדעה נטען (ראשי), כרטיס בהצדעה נטען (ראשי), כרטיס בהצדעה נטען (ראשי)",0,כרטיס בהצדעה נטען (ראשי): הנחת מועדון | כרטיס בהצדעה נטען (ראשי): הנחת מועדון | כרטיס בהצדעה נטען (ראשי): הנחת מועדון,,
YOLO,כללי,"כרטיס בהצדעה נטען (ראשי), כרטיס בהצדעה נטען (ראשי), כרטיס בהצדעה נטען (ראשי)",0,כרטיס בהצדעה נטען (ראשי): הנחת מועדון | כרטיס בהצדעה נטען (ראשי): הנחת מועדון | כרטיס בהצדעה נטען (ראשי): הנחת מועדון,,
FLYING TIGER,כללי,"כרטיס בהצדעה נטען (ראשי), כרטיס בהצדעה נטען (ראשי), כרטיס בהצדעה נטען (ראשי)",0,כרטיס בהצדעה נטען (ראשי): הנחת מועדון | כרטיס בהצדעה נטען (ראשי): הנחת מועדון | כרטיס בהצדעה נטען (ראשי): הנחת מועדון,,
ג'ונגל חיות מחמד,כללי,"כרטיס בהצדעה נטען (ראשי), כרטיס בהצדעה נטען (ראשי), כרטיס בהצדעה נטען (ראשי)",0,כרטיס בהצדעה נטען (ראשי): הנחת מועדון | כרטיס בהצדעה נטען (ראשי): הנחת מועדון | כרטיס בהצדעה נטען (ראשי): הנחת מועדון,,
לבן,כללי,"כרטיס בהצדעה נטען (ראשי), כרטיס בהצדעה נטען (ראשי), כרטיס בהצדעה נטען (ראשי)",0,כרטיס בהצדעה נטען (ראשי): הנחת מועדון | כרטיס בהצדעה נטען (ראשי): הנחת מועדון | כרטיס בהצדעה נטען (ראשי): הנחת מועדון,,
נאוטיקה הום,כללי,"כרטיס בהצדעה נטען (ראשי), כרטיס בהצדעה נטען (ראשי), כרטיס בהצדעה נטען (ראשי)",0,כרטיס בהצדעה נטען (ראשי): הנחת מועדון | כרטיס בהצדעה נטען (ראשי): הנחת מועדון | כרטיס בהצדעה נטען (ראשי): הנחת מועדון,,
דיל תאורה,כללי,"כרטיס בהצדעה נטען (ראשי), כרטיס בהצדעה נטען (ראשי), כרטיס בהצדעה נטען (ראשי)",0,כרטיס בהצדעה נטען (ראשי): הנחת מועדון | כרטיס בהצדעה נטען (ראשי): הנחת מועדון | כרטיס בהצדעה נטען (ראשי): הנחת מועדון,,
ביתילי,ביתילי,"כרטיס בהצדעה נטען (ראשי), כרטיס בהצדעה נטען (ראשי), כרטיס בהצדעה נטען (ראשי)",0,כרטיס בהצדעה נטען (ראשי): הנחת מועדון | כרטיס בהצדעה נטען (ראשי): הנחת מועדון | כרטיס בהצדעה נטען (ראשי): הנחת מועדון,,
אורבן,כללי,"כרטיס בהצדעה נטען (ראשי), כרטיס בהצדעה נטען (ראשי), כרטיס בהצדעה נטען (ראשי)",0,כרטיס בהצדעה נטען (ראשי): הנחת מועדון | כרטיס בהצדעה נטען (ראשי): הנחת מועדון | כרטיס בהצדעה נטען (ראשי): הנחת מועדון,,
צמר שטיחים יפים,כללי,"כרטיס בהצדעה נטען (ראשי), כרטיס בהצדעה נטען (ראשי), כרטיס בהצדעה נטען (ראשי)",0,כרטיס בהצדעה נטען (ראשי): הנחת מועדון | כרטיס בהצדעה נטען (ראשי): הנחת מועדון | כרטיס בהצדעה נטען (ראשי): הנחת מועדון,,
ערד טקסטיל,כללי,"כרטיס בהצדעה נטען (ראשי), כרטיס בהצדעה נטען (ראשי), כרטיס בהצדעה נטען (ראשי)",0,כרטיס בהצדעה נטען (ראשי): הנחת מועדון | כרטיס בהצדעה נטען (ראשי): הנחת מועדון | כרטיס בהצדעה נטען (ראשי): הנחת מועדון,,
המטבח,כללי,"כרטיס בהצדעה נטען (ראשי), כרטיס בהצדעה נטען (ראשי), כרטיס בהצדעה נטען (ראשי)",0,כרטיס בהצדעה נטען (ראשי): הנחת מועדון | כרטיס בהצדעה נטען (ראשי): הנחת מועדון | כרטיס בהצדעה נטען (ראשי): הנחת מועדון,,
קאזה בלה,כללי,"כרטיס בהצדעה נטען (ראשי), כרטיס בהצדעה נטען (ראשי), כרטיס בהצדעה נטען (ראשי)",0,כרטיס בהצדעה נטען (ראשי): הנחת מועדון | כרטיס בהצדעה נטען (ראשי): הנחת מועדון | כרטיס בהצדעה נטען (ראשי): הנחת מועדון,,
דארלן,כללי,"כרטיס בהצדעה נטען (ראשי), כרטיס בהצדעה נטען (ראשי), כרטיס בהצדעה נטען (ראשי)",0,כרטיס בהצדעה נטען (ראשי): הנחת מועדון | כרטיס בהצדעה נטען (ראשי): הנחת מועדון | כרטיס בהצדעה נטען (ראשי): הנחת מועדון,,
רשת אולימפיה,כללי,"כרטיס בהצדעה נטען (ראשי), כרטיס בהצדעה נטען (ראשי), כרטיס בהצדעה נטען (ראשי)",0,כרטיס בהצדעה נטען (ראשי): הנחת מועדון | כרטיס בהצדעה נטען (ראשי): הנחת מועדון | כרטיס בהצדעה נטען (ראשי): הנחת מועדון,,
SIMMONS,כללי,"כרטיס בהצדעה נטען (ראשי), כרטיס בהצדעה נטען (ראשי), כרטיס בהצדעה נטען (ראשי)",0,כרטיס בהצדעה נטען (ראשי): הנחת מועדון | כרטיס בהצדעה נטען (ראשי): הנחת מועדון | כרטיס בהצדעה נטען (ראשי): הנחת מועדון,,
מסעדות ובתי קפה,מסעדות ובתי קפה,כרטיס בהצדעה נטען (ראשי),0,כרטיס בהצדעה נטען (ראשי): הנחת מועדון,,
קפה קפה,כללי,"כרטיס בהצדעה נטען (ראשי), כרטיס בהצדעה נטען (ראשי), כרטיס בהצדעה נטען (ראשי), כרטיס בהצדעה נטען (ראשי)",0,כרטיס בהצדעה נטען (ראשי): הנחת מועדון | כרטיס בהצדעה נטען (ראשי): הנחת מועדון | כרטיס בהצדעה נטען (ראשי): הנחת מועדון | כרטיס בהצדעה נטען (ראשי): הנחת מועדון,,
קפה נטו,כללי,"כרטיס בהצדעה נטען (ראשי), כרטיס בהצדעה נטען (ראשי), כרטיס בהצדעה נטען (ראשי)",0,כרטיס בהצדעה נטען (ראשי): הנחת מועדון | כרטיס בהצדעה נטען (ראשי): הנחת מועדון | כרטיס בהצדעה נטען (ראשי): הנחת מועדון,,
גלידות בן אנד ג'ריס,כללי,"כרטיס בהצדעה נטען (ראשי), כרטיס בהצדעה נטען (ראשי), כרטיס בהצדעה נטען (ראשי)",0,כרטיס בהצדעה נטען (ראשי): הנחת מועדון | כרטיס בהצדעה נטען (ראשי): הנחת מועדון | כרטיס בהצדעה נטען (ראשי): הנחת מועדון,,
בריאות וכושר,כללי,כרטיס בהצדעה נטען (ראשי),0,כרטיס בהצדעה נטען (ראשי): הנחת מועדון,,
מינימל בודי MINIMAL BODY,כפר המכביה- מועדון ספורט,"כרטיס בהצדעה נטען (ראשי), כרטיס בהצדעה נטען (ראשי), כרטיס בהצדעה נטען (ראשי), כרטיס בהצדעה נטען (ראשי)",0,כרטיס בהצדעה נטען (ראשי): הנחת מועדון | כרטיס בהצדעה נטען (ראשי): הנחת מועדון | כרטיס בהצדעה נטען (ראשי): הנחת מועדון | כרטיס בהצדעה נטען (ראשי): הנחת מועדון,,
רשת ספורטיב- GYM,רשת ספורטיב- GYM,"כרטיס בהצדעה נטען (ראשי), כרטיס בהצדעה נטען (ראשי), כרטיס בהצדעה נטען (ראשי)",0,כרטיס בהצדעה נטען (ראשי): הנחת מועדון | כרטיס בהצדעה נטען (ראשי): הנחת מועדון | כרטיס בהצדעה נטען (ראשי): הנחת מועדון,,
freefit,כללי,"כרטיס בהצדעה נטען (ראשי), כרטיס בהצדעה נטען (ראשי), כרטיס בהצדעה נטען (ראשי)",0,כרטיס בהצדעה נטען (ראשי): הנחת מועדון | כרטיס בהצדעה נטען (ראשי): הנחת מועדון | כרטיס בהצדעה נטען (ראשי): הנחת מועדון,,
ספורטר,ספורטר,"כרטיס בהצדעה נטען (ראשי), כרטיס בהצדעה נטען (ראשי), כרטיס בהצדעה נטען (ראשי)",0,כרטיס בהצדעה נטען (ראשי): הנחת מועדון | כרטיס בהצדעה נטען (ראשי): הנחת מועדון | כרטיס בהצדעה נטען (ראשי): הנחת מועדון,,
קאנטרי 360,כללי,"כרטיס בהצדעה נטען (ראשי), כרטיס בהצדעה נטען (ראשי), כרטיס בהצדעה נטען (ראשי)",0,כרטיס בהצדעה נטען (ראשי): הנחת מועדון | כרטיס בהצדעה נטען (ראשי): הנחת מועדון | כרטיס בהצדעה נטען (ראשי): הנחת מועדון,,
הולמס פלייס&גו אקטיב,כללי,"כרטיס בהצדעה נטען (ראשי), כרטיס בהצדעה נטען (ראשי), כרטיס בהצדעה נטען (ראשי)",0,כרטיס בהצדעה נטען (ראשי): הנחת מועדון | כרטיס בהצדעה נטען (ראשי): הנחת מועדון | כרטיס בהצדעה נטען (ראשי): הנחת מועדון,,
רבו פיטנס- Revo fitness,כללי,"כרטיס בהצדעה נטען (ראשי), כרטיס בהצדעה נטען (ראשי), כרטיס בהצדעה נטען (ראשי)",0,כרטיס בהצדעה נטען (ראשי): הנחת מועדון | כרטיס בהצדעה נטען (ראשי): הנחת מועדון | כרטיס בהצדעה נטען (ראשי): הנחת מועדון,,
מרכז ספורט המכבים,מרכז ספורט המכבים,"כרטיס בהצדעה נטען (ראשי), כרטיס בהצדעה נטען (ראשי), כרטיס בהצדעה נטען (ראשי)",0,כרטיס בהצדעה נטען (ראשי): הנחת מועדון | כרטיס בהצדעה נטען (ראשי): הנחת מועדון | כרטיס בהצדעה נטען (ראשי): הנחת מועדון,,
אביטליטי,כללי,"כרטיס בהצדעה נטען (ראשי), כרטיס בהצדעה נטען (ראשי), כרטיס בהצדעה נטען (ראשי)",0,כרטיס בהצדעה נטען (ראשי): הנחת מועדון | כרטיס בהצדעה נטען (ראשי): הנחת מועדון | כרטיס בהצדעה נטען (ראשי): הנחת מועדון,,
מרכז התזונה של מירי חדד,כללי,"כרטיס בהצדעה נטען (ראשי), כרטיס בהצדעה נטען (ראשי), כרטיס בהצדעה נטען (ראשי)",0,כרטיס בהצדעה נטען (ראשי): הנחת מועדון | כרטיס בהצדעה נטען (ראשי): הנחת מועדון | כרטיס בהצדעה נטען (ראשי): הנחת מועדון,,
ארה פיטנס,כללי,"כרטיס בהצדעה נטען (ראשי), כרטיס בהצדעה נטען (ראשי), כרטיס בהצדעה נטען (ראשי)",0,כרטיס בהצדעה נטען (ראשי): הנחת מועדון | כרטיס בהצדעה נטען (ראשי): הנחת מועדון | כרטיס בהצדעה נטען (ראשי): הנחת מועדון,,
אקסטרה ג'ים,כללי,"כרטיס בהצדעה נטען (ראשי), כרטיס בהצדעה נטען (ראשי), כרטיס בהצדעה נטען (ראשי)",0,כרטיס בהצדעה נטען (ראשי): הנחת מועדון | כרטיס בהצדעה נטען (ראשי): הנחת מועדון | כרטיס בהצדעה נטען (ראשי): הנחת מועדון,,
קאנטרי נוף הגליל,כללי,"כרטיס בהצדעה נטען (ראשי), כרטיס בהצדעה נטען (ראשי), כרטיס בהצדעה נטען (ראשי)",0,כרטיס בהצדעה נטען (ראשי): הנחת מועדון | כרטיס בהצדעה נטען (ראשי): הנחת מועדון | כרטיס בהצדעה נטען (ראשי): הנחת מועדון,,
תבל פילאטיס,כללי,"כרטיס בהצדעה נטען (ראשי), כרטיס בהצדעה נטען (ראשי), כרטיס בהצדעה נטען (ראשי)",0,כרטיס בהצדעה נטען (ראשי): הנחת מועדון | כרטיס בהצדעה נטען (ראשי): הנחת מועדון | כרטיס בהצדעה נטען (ראשי): הנחת מועדון,,
דרים ג'ים,כללי,"כרטיס בהצדעה נטען (ראשי), כרטיס בהצדעה נטען (ראשי), כרטיס בהצדעה נטען (ראשי)",0,כרטיס בהצדעה נטען (ראשי): הנחת מועדון | כרטיס בהצדעה נטען (ראשי): הנחת מועדון | כרטיס בהצדעה נטען (ראשי): הנחת מועדון,,
כפר המכביה- מועדון ספורט,כפר המכביה- מועדון ספורט,"כרטיס בהצדעה נטען (ראשי), כרטיס בהצדעה נטען (ראשי), כרטיס בהצדעה נטען (ראשי)",0,כרטיס בהצדעה נטען (ראשי): הנחת מועדון | כרטיס בהצדעה נטען (ראשי): הנחת מועדון | כרטיס בהצדעה נטען (ראשי): הנחת מועדון,,
רשת הקאנטרי,כללי,"כרטיס בהצדעה נטען (ראשי), כרטיס בהצדעה נטען (ראשי), כרטיס בהצדעה נטען (ראשי)",0,כרטיס בהצדעה נטען (ראשי): הנחת מועדון | כרטיס בהצדעה נטען (ראשי): הנחת מועדון | כרטיס בהצדעה נטען (ראשי): הנחת מועדון,,
ליאת יגר קבוצות הרזיה ופעילות גופנית,כללי,"כרטיס בהצדעה נטען (ראשי), כרטיס בהצדעה נטען (ראשי), כרטיס בהצדעה נטען (ראשי)",0,כרטיס בהצדעה נטען (ראשי): הנחת מועדון | כרטיס בהצדעה נטען (ראשי): הנחת מועדון | כרטיס בהצדעה נטען (ראשי): הנחת מועדון,,
קאנטרי אליצור,כללי,"כרטיס בהצדעה נטען (ראשי), כרטיס בהצדעה נטען (ראשי), כרטיס בהצדעה נטען (ראשי)",0,כרטיס בהצדעה נטען (ראשי): הנחת מועדון | כרטיס בהצדעה נטען (ראשי): הנחת מועדון | כרטיס בהצדעה נטען (ראשי): הנחת מועדון,,
איב חדר כושר לנשים,כללי,"כרטיס בהצדעה נטען (ראשי), כרטיס בהצדעה נטען (ראשי), כרטיס בהצדעה נטען (ראשי)",0,כרטיס בהצדעה נטען (ראשי): הנחת מועדון | כרטיס בהצדעה נטען (ראשי): הנחת מועדון | כרטיס בהצדעה נטען (ראשי): הנחת מועדון,,
קאנטרי נווה אילן,כללי,"כרטיס בהצדעה נטען (ראשי), כרטיס בהצדעה נטען (ראשי), כרטיס בהצדעה נטען (ראשי)",0,כרטיס בהצדעה נטען (ראשי): הנחת מועדון | כרטיס בהצדעה נטען (ראשי): הנחת מועדון | כרטיס בהצדעה נטען (ראשי): הנחת מועדון,,
move,כללי,"כרטיס בהצדעה נטען (ראשי), כרטיס בהצדעה נטען (ראשי), כרטיס בהצדעה נטען (ראשי)",0,כרטיס בהצדעה נטען (ראשי): הנחת מועדון | כרטיס בהצדעה נטען (ראשי): הנחת מועדון | כרטיס בהצדעה נטען (ראשי): הנחת מועדון,,
קאנטרי בילו,כללי,"כרטיס בהצדעה נטען (ראשי), כרטיס בהצדעה נטען (ראשי), כרטיס בהצדעה נטען (ראשי)",0,כרטיס בהצדעה נטען (ראשי): הנחת מועדון | כרטיס בהצדעה נטען (ראשי): הנחת מועדון | כרטיס בהצדעה נטען (ראשי): הנחת מועדון,,
קרוס דה סיטי - Cross The City,כללי,"כרטיס בהצדעה נטען (ראשי), כרטיס בהצדעה נטען (ראשי), כרטיס בהצדעה נטען (ראשי)",0,כרטיס בהצדעה נטען (ראשי): הנחת מועדון | כרטיס בהצדעה נטען (ראשי): הנחת מועדון | כרטיס בהצדעה נטען (ראשי): הנחת מועדון,,
קאנטרי גן עברון,כללי,"כרטיס בהצדעה נטען (ראשי), כרטיס בהצדעה נטען (ראשי), כרטיס בהצדעה נטען (ראשי)",0,כרטיס בהצדעה נטען (ראשי): הנחת מועדון | כרטיס בהצדעה נטען (ראשי): הנחת מועדון | כרטיס בהצדעה נטען (ראשי): הנחת מועדון,,
מטרו metro - חדר כושר,כללי,"כרטיס בהצדעה נטען (ראשי), כרטיס בהצדעה נטען (ראשי), כרטיס בהצדעה נטען (ראשי)",0,כרטיס בהצדעה נטען (ראשי): הנחת מועדון | כרטיס בהצדעה נטען (ראשי): הנחת מועדון | כרטיס בהצדעה נטען (ראשי): הנחת מועדון,,
בילוי ופנאי,כללי,כרטיס בהצדעה נטען (ראשי),0,כרטיס בהצדעה נטען (ראשי): הנחת מועדון,,
הזקן והיין,סיורי אופנה ועיצוב - גל שוקרון,"כרטיס בהצדעה נטען (ראשי), כרטיס בהצדעה נטען (ראשי), כרטיס בהצדעה נטען (ראשי), כרטיס בהצדעה נטען (ראשי)",0,כרטיס בהצדעה נטען (ראשי): הנחת מועדון | כרטיס בהצדעה נטען (ראשי): הנחת מועדון | כרטיס בהצדעה נטען (ראשי): הנחת מועדון | כרטיס בהצדעה נטען (ראשי): הנחת מועדון,,
באולינג סנטר,כללי,"כרטיס בהצדעה נטען (ראשי), כרטיס בהצדעה נטען (ראשי), כרטיס בהצדעה נטען (ראשי)",0,כרטיס בהצדעה נטען (ראשי): הנחת מועדון | כרטיס בהצדעה נטען (ראשי): הנחת מועדון | כרטיס בהצדעה נטען (ראשי): הנחת מועדון,,
הבוסתן של מוטי,כללי,"כרטיס בהצדעה נטען (ראשי), כרטיס בהצדעה נטען (ראשי), כרטיס בהצדעה נטען (ראשי)",0,כרטיס בהצדעה נטען (ראשי): הנחת מועדון | כרטיס בהצדעה נטען (ראשי): הנחת מועדון | כרטיס בהצדעה נטען (ראשי): הנחת מועדון,,
קשרי תעופה,כללי,"כרטיס בהצדעה נטען (ראשי), כרטיס בהצדעה נטען (ראשי), כרטיס בהצדעה נטען (ראשי)",0,כרטיס בהצדעה נטען (ראשי): הנחת מועדון | כרטיס בהצדעה נטען (ראשי): הנחת מועדון | כרטיס בהצדעה נטען (ראשי): הנחת מועדון,,
ווטרלנד פארק המים אילת,כללי,"כרטיס בהצדעה נטען (ראשי), כרטיס בהצדעה נטען (ראשי), כרטיס בהצדעה נטען (ראשי)",0,כרטיס בהצדעה נטען (ראשי): הנחת מועדון | כרטיס בהצדעה נטען (ראשי): הנחת מועדון | כרטיס בהצדעה נטען (ראשי): הנחת מועדון,,
מוזיאון נחום גוטמן לאמנות,כללי,"כרטיס בהצדעה נטען (ראשי), כרטיס בהצדעה נטען (ראשי), כרטיס בהצדעה נטען (ראשי)",0,כרטיס בהצדעה נטען (ראשי): הנחת מועדון | כרטיס בהצדעה נטען (ראשי): הנחת מועדון | כרטיס בהצדעה נטען (ראשי): הנחת מועדון,,
הטייסת,כללי,"כרטיס בהצדעה נטען (ראשי), כרטיס בהצדעה נטען (ראשי), כרטיס בהצדעה נטען (ראשי)",0,כרטיס בהצדעה נטען (ראשי): הנחת מועדון | כרטיס בהצדעה נטען (ראשי): הנחת מועדון | כרטיס בהצדעה נטען (ראשי): הנחת מועדון,,
אומגה טרמינל אילת,כללי,"כרטיס בהצדעה נטען (ראשי), כרטיס בהצדעה נטען (ראשי), כרטיס בהצדעה נטען (ראשי)",0,כרטיס בהצדעה נטען (ראשי): הנחת מועדון | כרטיס בהצדעה נטען (ראשי): הנחת מועדון | כרטיס בהצדעה נטען (ראשי): הנחת מועדון,,
אטלנטיס ספורט ימי,אטלנטיס ספורט ימי,"כרטיס בהצדעה נטען (ראשי), כרטיס בהצדעה נטען (ראשי), כרטיס בהצדעה נטען (ראשי)",0,כרטיס בהצדעה נטען (ראשי): הנחת מועדון | כרטיס בהצדעה נטען (ראשי): הנחת מועדון | כרטיס בהצדעה נטען (ראשי): הנחת מועדון,,
אייס פליי אילת Ice play Eilat,כללי,"כרטיס בהצדעה נטען (ראשי), כרטיס בהצדעה נטען (ראשי), כרטיס בהצדעה נטען (ראשי)",0,כרטיס בהצדעה נטען (ראשי): הנחת מועדון | כרטיס בהצדעה נטען (ראשי): הנחת מועדון | כרטיס בהצדעה נטען (ראשי): הנחת מועדון,,
ספייס ראן VR,כללי,"כרטיס בהצדעה נטען (ראשי), כרטיס בהצדעה נטען (ראשי), כרטיס בהצדעה נטען (ראשי)",0,כרטיס בהצדעה נטען (ראשי): הנחת מועדון | כרטיס בהצדעה נטען (ראשי): הנחת מועדון | כרטיס בהצדעה נטען (ראשי): הנחת מועדון,,
קרייזי רומס,כללי,"כרטיס בהצדעה נטען (ראשי), כרטיס בהצדעה נטען (ראשי), כרטיס בהצדעה נטען (ראשי)",0,כרטיס בהצדעה נטען (ראשי): הנחת מועדון | כרטיס בהצדעה נטען (ראשי): הנחת מועדון | כרטיס בהצדעה נטען (ראשי): הנחת מועדון,,
לופ - LOOP,כללי,"כרטיס בהצדעה נטען (ראשי), כרטיס בהצדעה נטען (ראשי), כרטיס בהצדעה נטען (ראשי)",0,כרטיס בהצדעה נטען (ראשי): הנחת מועדון | כרטיס בהצדעה נטען (ראשי): הנחת מועדון | כרטיס בהצדעה נטען (ראשי): הנחת מועדון,,
סקאי פילד בלומפילד,כללי,"כרטיס בהצדעה נטען (ראשי), כרטיס בהצדעה נטען (ראשי), כרטיס בהצדעה נטען (ראשי)",0,כרטיס בהצדעה נטען (ראשי): הנחת מועדון | כרטיס בהצדעה נטען (ראשי): הנחת מועדון | כרטיס בהצדעה נטען (ראשי): הנחת מועדון,,
לונה פארק בילו סנטר,כללי,"כרטיס בהצדעה נטען (ראשי), כרטיס בהצדעה נטען (ראשי), כרטיס בהצדעה נטען (ראשי)",0,כרטיס בהצדעה נטען (ראשי): הנחת מועדון | כרטיס בהצדעה נטען (ראשי): הנחת מועדון | כרטיס בהצדעה נטען (ראשי): הנחת מועדון,,
אקווה בום,כללי,"כרטיס בהצדעה נטען (ראשי), כרטיס בהצדעה נטען (ראשי), כרטיס בהצדעה נטען (ראשי)",0,כרטיס בהצדעה נטען (ראשי): הנחת מועדון | כרטיס בהצדעה נטען (ראשי): הנחת מועדון | כרטיס בהצדעה נטען (ראשי): הנחת מועדון,,
משחקיית SIXPLAY,כללי,"כרטיס בהצדעה נטען (ראשי), כרטיס בהצדעה נטען (ראשי), כרטיס בהצדעה נטען (ראשי)",0,כרטיס בהצדעה נטען (ראשי): הנחת מועדון | כרטיס בהצדעה נטען (ראשי): הנחת מועדון | כרטיס בהצדעה נטען (ראשי): הנחת מועדון,,
מוזיאון הצעצועים,כללי,"כרטיס בהצדעה נטען (ראשי), כרטיס בהצדעה נטען (ראשי), כרטיס בהצדעה נטען (ראשי)",0,כרטיס בהצדעה נטען (ראשי): הנחת מועדון | כרטיס בהצדעה נטען (ראשי): הנחת מועדון | כרטיס בהצדעה נטען (ראשי): הנחת מועדון,,
קיפצובה,כללי,"כרטיס בהצדעה נטען (ראשי), כרטיס בהצדעה נטען (ראשי), כרטיס בהצדעה נטען (ראשי)",0,כרטיס בהצדעה נטען (ראשי): הנחת מועדון | כרטיס בהצדעה נטען (ראשי): הנחת מועדון | כרטיס בהצדעה נטען (ראשי): הנחת מועדון,,
מיני ישראל,כללי,"כרטיס בהצדעה נטען (ראשי), כרטיס בהצדעה נטען (ראשי), כרטיס בהצדעה נטען (ראשי)",0,כרטיס בהצדעה נטען (ראשי): הנחת מועדון | כרטיס בהצדעה נטען (ראשי): הנחת מועדון | כרטיס בהצדעה נטען (ראשי): הנחת מועדון,,
היכל הקרח חולון,כללי,"כרטיס בהצדעה נטען (ראשי), כרטיס בהצדעה נטען (ראשי), כרטיס בהצדעה נטען (ראשי)",0,כרטיס בהצדעה נטען (ראשי): הנחת מועדון | כרטיס בהצדעה נטען (ראשי): הנחת מועדון | כרטיס בהצדעה נטען (ראשי): הנחת מועדון,,
אקווה ספורט,אקווה ספורט,"כרטיס בהצדעה נטען (ראשי), כרטיס בהצדעה נטען (ראשי), כרטיס בהצדעה נטען (ראשי)",0,כרטיס בהצדעה נטען (ראשי): הנחת מועדון | כרטיס בהצדעה נטען (ראשי): הנחת מועדון | כרטיס בהצדעה נטען (ראשי): הנחת מועדון,,
iJump,כללי,"כרטיס בהצדעה נטען (ראשי), כרטיס בהצדעה נטען (ראשי), כרטיס בהצדעה נטען (ראשי)",0,כרטיס בהצדעה נטען (ראשי): הנחת מועדון | כרטיס בהצדעה נטען (ראשי): הנחת מועדון | כרטיס בהצדעה נטען (ראשי): הנחת מועדון,,
פארק קרסו למדע,כללי,"כרטיס בהצדעה נטען (ראשי), כרטיס בהצדעה נטען (ראשי), כרטיס בהצדעה נטען (ראשי)",0,כרטיס בהצדעה נטען (ראשי): הנחת מועדון | כרטיס בהצדעה נטען (ראשי): הנחת מועדון | כרטיס בהצדעה נטען (ראשי): הנחת מועדון,,
שביל התפוזים,כללי,"כרטיס בהצדעה נטען (ראשי), כרטיס בהצדעה נטען (ראשי), כרטיס בהצדעה נטען (ראשי)",0,כרטיס בהצדעה נטען (ראשי): הנחת מועדון | כרטיס בהצדעה נטען (ראשי): הנחת מועדון | כרטיס בהצדעה נטען (ראשי): הנחת מועדון,,
דרך העץ,כללי,"כרטיס בהצדעה נטען (ראשי), כרטיס בהצדעה נטען (ראשי), כרטיס בהצדעה נטען (ראשי)",0,כרטיס בהצדעה נטען (ראשי): הנחת מועדון | כרטיס בהצדעה נטען (ראשי): הנחת מועדון | כרטיס בהצדעה נטען (ראשי): הנחת מועדון,,
קיסוסקי אילת,כללי,"כרטיס בהצדעה נטען (ראשי), כרטיס בהצדעה נטען (ראשי), כרטיס בהצדעה נטען (ראשי)",0,כרטיס בהצדעה נטען (ראשי): הנחת מועדון | כרטיס בהצדעה נטען (ראשי): הנחת מועדון | כרטיס בהצדעה נטען (ראשי): הנחת מועדון,,
4 chef,כללי,"כרטיס בהצדעה נטען (ראשי), כרטיס בהצדעה נטען (ראשי), כרטיס בהצדעה נטען (ראשי)",0,כרטיס בהצדעה נטען (ראשי): הנחת מועדון | כרטיס בהצדעה נטען (ראשי): הנחת מועדון | כרטיס בהצדעה נטען (ראשי): הנחת מועדון,,
חמת גדר,כללי,"כרטיס בהצדעה נטען (ראשי), כרטיס בהצדעה נטען (ראשי), כרטיס בהצדעה נטען (ראשי)",0,כרטיס בהצדעה נטען (ראשי): הנחת מועדון | כרטיס בהצדעה נטען (ראשי): הנחת מועדון | כרטיס בהצדעה נטען (ראשי): הנחת מועדון,,
טופ 94 פארק אתגרים,כללי,"כרטיס בהצדעה נטען (ראשי), כרטיס בהצדעה נטען (ראשי), כרטיס בהצדעה נטען (ראשי)",0,כרטיס בהצדעה נטען (ראשי): הנחת מועדון | כרטיס בהצדעה נטען (ראשי): הנחת מועדון | כרטיס בהצדעה נטען (ראשי): הנחת מועדון,,
לייזר סיטי גלילות,כללי,"כרטיס בהצדעה נטען (ראשי), כרטיס בהצדעה נטען (ראשי), כרטיס בהצדעה נטען (ראשי)",0,כרטיס בהצדעה נטען (ראשי): הנחת מועדון | כרטיס בהצדעה נטען (ראשי): הנחת מועדון | כרטיס בהצדעה נטען (ראשי): הנחת מועדון,,
אסקייפלנד,כללי,"כרטיס בהצדעה נטען (ראשי), כרטיס בהצדעה נטען (ראשי), כרטיס בהצדעה נטען (ראשי)",0,כרטיס בהצדעה נטען (ראשי): הנחת מועדון | כרטיס בהצדעה נטען (ראשי): הנחת מועדון | כרטיס בהצדעה נטען (ראשי): הנחת מועדון,,
קייקי הגושרים,כללי,"כרטיס בהצדעה נטען (ראשי), כרטיס בהצדעה נטען (ראשי), כרטיס בהצדעה נטען (ראשי)",0,כרטיס בהצדעה נטען (ראשי): הנחת מועדון | כרטיס בהצדעה נטען (ראשי): הנחת מועדון | כרטיס בהצדעה נטען (ראשי): הנחת מועדון,,
רפטינג נהר הירדן,כללי,"כרטיס בהצדעה נטען (ראשי), כרטיס בהצדעה נטען (ראשי), כרטיס בהצדעה נטען (ראשי)",0,כרטיס בהצדעה נטען (ראשי): הנחת מועדון | כרטיס בהצדעה נטען (ראשי): הנחת מועדון | כרטיס בהצדעה נטען (ראשי): הנחת מועדון,,
גל במדבר,כללי,"כרטיס בהצדעה נטען (ראשי), כרטיס בהצדעה נטען (ראשי), כרטיס בהצדעה נטען (ראשי)",0,כרטיס בהצדעה נטען (ראשי): הנחת מועדון | כרטיס בהצדעה נטען (ראשי): הנחת מועדון | כרטיס בהצדעה נטען (ראשי): הנחת מועדון,,
חלום עולמי,כללי,"כרטיס בהצדעה נטען (ראשי), כרטיס בהצדעה נטען (ראשי), כרטיס בהצדעה נטען (ראשי)",0,כרטיס בהצדעה נטען (ראשי): הנחת מועדון | כרטיס בהצדעה נטען (ראשי): הנחת מועדון | כרטיס בהצדעה נטען (ראשי): הנחת מועדון,,
איקא מטיילים קצת אחרת,כללי,"כרטיס בהצדעה נטען (ראשי), כרטיס בהצדעה נטען (ראשי), כרטיס בהצדעה נטען (ראשי)",0,כרטיס בהצדעה נטען (ראשי): הנחת מועדון | כרטיס בהצדעה נטען (ראשי): הנחת מועדון | כרטיס בהצדעה נטען (ראשי): הנחת מועדון,,
רשות הטבע והגנים,כללי,"כרטיס בהצדעה נטען (ראשי), כרטיס בהצדעה נטען (ראשי), כרטיס בהצדעה נטען (ראשי)",0,כרטיס בהצדעה נטען (ראשי): הנחת מועדון | כרטיס בהצדעה נטען (ראשי): הנחת מועדון | כרטיס בהצדעה נטען (ראשי): הנחת מועדון,,
קייקי כפר בלום,כללי,"כרטיס בהצדעה נטען (ראשי), כרטיס בהצדעה נטען (ראשי), כרטיס בהצדעה נטען (ראשי)",0,כרטיס בהצדעה נטען (ראשי): הנחת מועדון | כרטיס בהצדעה נטען (ראשי): הנחת מועדון | כרטיס בהצדעה נטען (ראשי): הנחת מועדון,,
סגווי ירושלים smart tour,כללי,"כרטיס בהצדעה נטען (ראשי), כרטיס בהצדעה נטען (ראשי), כרטיס בהצדעה נטען (ראשי)",0,כרטיס בהצדעה נטען (ראשי): הנחת מועדון | כרטיס בהצדעה נטען (ראשי): הנחת מועדון | כרטיס בהצדעה נטען (ראשי): הנחת מועדון,,
2jump,כללי,"כרטיס בהצדעה נטען (ראשי), כרטיס בהצדעה נטען (ראשי), כרטיס בהצדעה נטען (ראשי)",0,כרטיס בהצדעה נטען (ראשי): הנחת מועדון | כרטיס בהצדעה נטען (ראשי): הנחת מועדון | כרטיס בהצדעה נטען (ראשי): הנחת מועדון,,
ישראל 2 גו,כללי,"כרטיס בהצדעה נטען (ראשי), כרטיס בהצדעה נטען (ראשי), כרטיס בהצדעה נטען (ראשי)",0,כרטיס בהצדעה נטען (ראשי): הנחת מועדון | כרטיס בהצדעה נטען (ראשי): הנחת מועדון | כרטיס בהצדעה נטען (ראשי): הנחת מועדון,,
מצנחי הים האדום,כללי,"כרטיס בהצדעה נטען (ראשי), כרטיס בהצדעה נטען (ראשי), כרטיס בהצדעה נטען (ראשי)",0,כרטיס בהצדעה נטען (ראשי): הנחת מועדון | כרטיס בהצדעה נטען (ראשי): הנחת מועדון | כרטיס בהצדעה נטען (ראשי): הנחת מועדון,,
גלאקסיה,כללי,"כרטיס בהצדעה נטען (ראשי), כרטיס בהצדעה נטען (ראשי), כרטיס בהצדעה נטען (ראשי)",0,כרטיס בהצדעה נטען (ראשי): הנחת מועדון | כרטיס בהצדעה נטען (ראשי): הנחת מועדון | כרטיס בהצדעה נטען (ראשי): הנחת מועדון,,
טרק ים אכזיב,כללי,"כרטיס בהצדעה נטען (ראשי), כרטיס בהצדעה נטען (ראשי), כרטיס בהצדעה נטען (ראשי)",0,כרטיס בהצדעה נטען (ראשי): הנחת מועדון | כרטיס בהצדעה נטען (ראשי): הנחת מועדון | כרטיס בהצדעה נטען (ראשי): הנחת מועדון,,
הצנחניה,כללי,"כרטיס בהצדעה נטען (ראשי), כרטיס בהצדעה נטען (ראשי), כרטיס בהצדעה נטען (ראשי)",0,כרטיס בהצדעה נטען (ראשי): הנחת מועדון | כרטיס בהצדעה נטען (ראשי): הנחת מועדון | כרטיס בהצדעה נטען (ראשי): הנחת מועדון,,
GO JUMP,כללי,"כרטיס בהצדעה נטען (ראשי), כרטיס בהצדעה נטען (ראשי), כרטיס בהצדעה נטען (ראשי)",0,כרטיס בהצדעה נטען (ראשי): הנחת מועדון | כרטיס בהצדעה נטען (ראשי): הנחת מועדון | כרטיס בהצדעה נטען (ראשי): הנחת מועדון,,
פארק תמנע,כללי,"כרטיס בהצדעה נטען (ראשי), כרטיס בהצדעה נטען (ראשי), כרטיס בהצדעה נטען (ראשי)",0,כרטיס בהצדעה נטען (ראשי): הנחת מועדון | כרטיס בהצדעה נטען (ראשי): הנחת מועדון | כרטיס בהצדעה נטען (ראשי): הנחת מועדון,,
חי פארק,כללי,"כרטיס בהצדעה נטען (ראשי), כרטיס בהצדעה נטען (ראשי), כרטיס בהצדעה נטען (ראשי)",0,כרטיס בהצדעה נטען (ראשי): הנחת מועדון | כרטיס בהצדעה נטען (ראשי): הנחת מועדון | כרטיס בהצדעה נטען (ראשי): הנחת מועדון,,
ישראל ים,כללי,"כרטיס בהצדעה נטען (ראשי), כרטיס בהצדעה נטען (ראשי), כרטיס בהצדעה נטען (ראשי)",0,כרטיס בהצדעה נטען (ראשי): הנחת מועדון | כרטיס בהצדעה נטען (ראשי): הנחת מועדון | כרטיס בהצדעה נטען (ראשי): הנחת מועדון,,
קיר יואב אקספארק חיפה,כללי,"כרטיס בהצדעה נטען (ראשי), כרטיס בהצדעה נטען (ראשי), כרטיס בהצדעה נטען (ראשי)",0,כרטיס בהצדעה נטען (ראשי): הנחת מועדון | כרטיס בהצדעה נטען (ראשי): הנחת מועדון | כרטיס בהצדעה נטען (ראשי): הנחת מועדון,,
אקסטרים פארק עכו,כללי,"כרטיס בהצדעה נטען (ראשי), כרטיס בהצדעה נטען (ראשי), כרטיס בהצדעה נטען (ראשי)",0,כרטיס בהצדעה נטען (ראשי): הנחת מועדון | כרטיס בהצדעה נטען (ראשי): הנחת מועדון | כרטיס בהצדעה נטען (ראשי): הנחת מועדון,,
Dguide,כללי,"כרטיס בהצדעה נטען (ראשי), כרטיס בהצדעה נטען (ראשי), כרטיס בהצדעה נטען (ראשי)",0,כרטיס בהצדעה נטען (ראשי): הנחת מועדון | כרטיס בהצדעה נטען (ראשי): הנחת מועדון | כרטיס בהצדעה נטען (ראשי): הנחת מועדון,,
טייפון הרחפת,כללי,"כרטיס בהצדעה נטען (ראשי), כרטיס בהצדעה נטען (ראשי), כרטיס בהצדעה נטען (ראשי)",0,כרטיס בהצדעה נטען (ראשי): הנחת מועדון | כרטיס בהצדעה נטען (ראשי): הנחת מועדון | כרטיס בהצדעה נטען (ראשי): הנחת מועדון,,
מיי נינג'ה מודיעין,כללי,"כרטיס בהצדעה נטען (ראשי), כרטיס בהצדעה נטען (ראשי), כרטיס בהצדעה נטען (ראשי)",0,כרטיס בהצדעה נטען (ראשי): הנחת מועדון | כרטיס בהצדעה נטען (ראשי): הנחת מועדון | כרטיס בהצדעה נטען (ראשי): הנחת מועדון,,
תיירות הרובע היהודי,כללי,"כרטיס בהצדעה נטען (ראשי), כרטיס בהצדעה נטען (ראשי), כרטיס בהצדעה נטען (ראשי)",0,כרטיס בהצדעה נטען (ראשי): הנחת מועדון | כרטיס בהצדעה נטען (ראשי): הנחת מועדון | כרטיס בהצדעה נטען (ראשי): הנחת מועדון,,
פיק אפ סרף עמותת אל הים,כללי,"כרטיס בהצדעה נטען (ראשי), כרטיס בהצדעה נטען (ראשי), כרטיס בהצדעה נטען (ראשי)",0,כרטיס בהצדעה נטען (ראשי): הנחת מועדון | כרטיס בהצדעה נטען (ראשי): הנחת מועדון | כרטיס בהצדעה נטען (ראשי): הנחת מועדון,,
רואים את האופק בים,כללי,"כרטיס בהצדעה נטען (ראשי), כרטיס בהצדעה נטען (ראשי), כרטיס בהצדעה נטען (ראשי)",0,כרטיס בהצדעה נטען (ראשי): הנחת מועדון | כרטיס בהצדעה נטען (ראשי): הנחת מועדון | כרטיס בהצדעה נטען (ראשי): הנחת מועדון,,
imracing,כללי,"כרטיס בהצדעה נטען (ראשי), כרטיס בהצדעה נטען (ראשי), כרטיס בהצדעה נטען (ראשי)",0,כרטיס בהצדעה נטען (ראשי): הנחת מועדון | כרטיס בהצדעה נטען (ראשי): הנחת מועדון | כרטיס בהצדעה נטען (ראשי): הנחת מועדון,,
סייל אילת,כללי,"כרטיס בהצדעה נטען (ראשי), כרטיס בהצדעה נטען (ראשי), כרטיס בהצדעה נטען (ראשי)",0,כרטיס בהצדעה נטען (ראשי): הנחת מועדון | כרטיס בהצדעה נטען (ראשי): הנחת מועדון | כרטיס בהצדעה נטען (ראשי): הנחת מועדון,,
מיסטיק רום,כללי,"כרטיס בהצדעה נטען (ראשי), כרטיס בהצדעה נטען (ראשי), כרטיס בהצדעה נטען (ראשי)",0,כרטיס בהצדעה נטען (ראשי): הנחת מועדון | כרטיס בהצדעה נטען (ראשי): הנחת מועדון | כרטיס בהצדעה נטען (ראשי): הנחת מועדון,,
רוג'ום מועדון טיפוס וטבע,כללי,"כרטיס בהצדעה נטען (ראשי), כרטיס בהצדעה נטען (ראשי), כרטיס בהצדעה נטען (ראשי)",0,כרטיס בהצדעה נטען (ראשי): הנחת מועדון | כרטיס בהצדעה נטען (ראשי): הנחת מועדון | כרטיס בהצדעה נטען (ראשי): הנחת מועדון,,
דביר מצנחי רחיפה,כללי,"כרטיס בהצדעה נטען (ראשי), כרטיס בהצדעה נטען (ראשי), כרטיס בהצדעה נטען (ראשי)",0,כרטיס בהצדעה נטען (ראשי): הנחת מועדון | כרטיס בהצדעה נטען (ראשי): הנחת מועדון | כרטיס בהצדעה נטען (ראשי): הנחת מועדון,,
אלכימיה סטודיו,כללי,"כרטיס בהצדעה נטען (ראשי), כרטיס בהצדעה נטען (ראשי), כרטיס בהצדעה נטען (ראשי)",0,כרטיס בהצדעה נטען (ראשי): הנחת מועדון | כרטיס בהצדעה נטען (ראשי): הנחת מועדון | כרטיס בהצדעה נטען (ראשי): הנחת מועדון,,
אאוריקה עיצובים,כללי,"כרטיס בהצדעה נטען (ראשי), כרטיס בהצדעה נטען (ראשי), כרטיס בהצדעה נטען (ראשי)",0,כרטיס בהצדעה נטען (ראשי): הנחת מועדון | כרטיס בהצדעה נטען (ראשי): הנחת מועדון | כרטיס בהצדעה נטען (ראשי): הנחת מועדון,,
סימולטור Asim,כללי,"כרטיס בהצדעה נטען (ראשי), כרטיס בהצדעה נטען (ראשי), כרטיס בהצדעה נטען (ראשי)",0,כרטיס בהצדעה נטען (ראשי): הנחת מועדון | כרטיס בהצדעה נטען (ראשי): הנחת מועדון | כרטיס בהצדעה נטען (ראשי): הנחת מועדון,,
ראלי ארט,כללי,"כרטיס בהצדעה נטען (ראשי), כרטיס בהצדעה נטען (ראשי), כרטיס בהצדעה נטען (ראשי)",0,כרטיס בהצדעה נטען (ראשי): הנחת מועדון | כרטיס בהצדעה נטען (ראשי): הנחת מועדון | כרטיס בהצדעה נטען (ראשי): הנחת מועדון,,
הגן הבוטני אילת,כללי,"כרטיס בהצדעה נטען (ראשי), כרטיס בהצדעה נטען (ראשי), כרטיס בהצדעה נטען (ראשי)",0,כרטיס בהצדעה נטען (ראשי): הנחת מועדון | כרטיס בהצדעה נטען (ראשי): הנחת מועדון | כרטיס בהצדעה נטען (ראשי): הנחת מועדון,,
דן קארטינג,כללי,"כרטיס בהצדעה נטען (ראשי), כרטיס בהצדעה נטען (ראשי), כרטיס בהצדעה נטען (ראשי)",0,כרטיס בהצדעה נטען (ראשי): הנחת מועדון | כרטיס בהצדעה נטען (ראשי): הנחת מועדון | כרטיס בהצדעה נטען (ראשי): הנחת מועדון,,
סול טורס,כללי,"כרטיס בהצדעה נטען (ראשי), כרטיס בהצדעה נטען (ראשי), כרטיס בהצדעה נטען (ראשי)",0,כרטיס בהצדעה נטען (ראשי): הנחת מועדון | כרטיס בהצדעה נטען (ראשי): הנחת מועדון | כרטיס בהצדעה נטען (ראשי): הנחת מועדון,,
פאנקי מאנקי כפר סבא,כללי,"כרטיס בהצדעה נטען (ראשי), כרטיס בהצדעה נטען (ראשי), כרטיס בהצדעה נטען (ראשי)",0,כרטיס בהצדעה נטען (ראשי): הנחת מועדון | כרטיס בהצדעה נטען (ראשי): הנחת מועדון | כרטיס בהצדעה נטען (ראשי): הנחת מועדון,,
פאנקי מאנקי אשקלון,כללי,"כרטיס בהצדעה נטען (ראשי), כרטיס בהצדעה נטען (ראשי), כרטיס בהצדעה נטען (ראשי)",0,כרטיס בהצדעה נטען (ראשי): הנחת מועדון | כרטיס בהצדעה נטען (ראשי): הנחת מועדון | כרטיס בהצדעה נטען (ראשי): הנחת מועדון,,
פאנקי מאנקי כפר יונה,כללי,"כרטיס בהצדעה נטען (ראשי), כרטיס בהצדעה נטען (ראשי), כרטיס בהצדעה נטען (ראשי)",0,כרטיס בהצדעה נטען (ראשי): הנחת מועדון | כרטיס בהצדעה נטען (ראשי): הנחת מועדון | כרטיס בהצדעה נטען (ראשי): הנחת מועדון,,
אומנות על הבר-חוף,כללי,"כרטיס בהצדעה נטען (ראשי), כרטיס בהצדעה נטען (ראשי), כרטיס בהצדעה נטען (ראשי)",0,כרטיס בהצדעה נטען (ראשי): הנחת מועדון | כרטיס בהצדעה נטען (ראשי): הנחת מועדון | כרטיס בהצדעה נטען (ראשי): הנחת מועדון,,
הכוורת מרכז מבקרים,כללי,"כרטיס בהצדעה נטען (ראשי), כרטיס בהצדעה נטען (ראשי), כרטיס בהצדעה נטען (ראשי)",0,כרטיס בהצדעה נטען (ראשי): הנחת מועדון | כרטיס בהצדעה נטען (ראשי): הנחת מועדון | כרטיס בהצדעה נטען (ראשי): הנחת מועדון,,
טרקטורוני דישון,כללי,"כרטיס בהצדעה נטען (ראשי), כרטיס בהצדעה נטען (ראשי), כרטיס בהצדעה נטען (ראשי)",0,כרטיס בהצדעה נטען (ראשי): הנחת מועדון | כרטיס בהצדעה נטען (ראשי): הנחת מועדון | כרטיס בהצדעה נטען (ראשי): הנחת מועדון,,
תיירות יד מרדכי,כללי,"כרטיס בהצדעה נטען (ראשי), כרטיס בהצדעה נטען (ראשי), כרטיס בהצדעה נטען (ראשי)",0,כרטיס בהצדעה נטען (ראשי): הנחת מועדון | כרטיס בהצדעה נטען (ראשי): הנחת מועדון | כרטיס בהצדעה נטען (ראשי): הנחת מועדון,,
פול גיימס,כללי,"כרטיס בהצדעה נטען (ראשי), כרטיס בהצדעה נטען (ראשי), כרטיס בהצדעה נטען (ראשי)",0,כרטיס בהצדעה נטען (ראשי): הנחת מועדון | כרטיס בהצדעה נטען (ראשי): הנחת מועדון | כרטיס בהצדעה נטען (ראשי): הנחת מועדון,,
מרכז קנדה,כללי,"כרטיס בהצדעה נטען (ראשי), כרטיס בהצדעה נטען (ראשי), כרטיס בהצדעה נטען (ראשי)",0,כרטיס בהצדעה נטען (ראשי): הנחת מועדון | כרטיס בהצדעה נטען (ראשי): הנחת מועדון | כרטיס בהצדעה נטען (ראשי): הנחת מועדון,,
חוף חנניה + ז'ול ורן,כללי,"כרטיס בהצדעה נטען (ראשי), כרטיס בהצדעה נטען (ראשי), כרטיס בהצדעה נטען (ראשי)",0,כרטיס בהצדעה נטען (ראשי): הנחת מועדון | כרטיס בהצדעה נטען (ראשי): הנחת מועדון | כרטיס בהצדעה נטען (ראשי): הנחת מועדון,,
לייזר טאג - לייזר סטריט רעננה,כללי,"כרטיס בהצדעה נטען (ראשי), כרטיס בהצדעה נטען (ראשי), כרטיס בהצדעה נטען (ראשי)",0,כרטיס בהצדעה נטען (ראשי): הנחת מועדון | כרטיס בהצדעה נטען (ראשי): הנחת מועדון | כרטיס בהצדעה נטען (ראשי): הנחת מועדון,,
פארק אתגרים אשדוד,כללי,"כרטיס בהצדעה נטען (ראשי), כרטיס בהצדעה נטען (ראשי), כרטיס בהצדעה נטען (ראשי)",0,כרטיס בהצדעה נטען (ראשי): הנחת מועדון | כרטיס בהצדעה נטען (ראשי): הנחת מועדון | כרטיס בהצדעה נטען (ראשי): הנחת מועדון,,
בי תל אביב טורס Be Tel Aviv tours,כללי,"כרטיס בהצדעה נטען (ראשי), כרטיס בהצדעה נטען (ראשי), כרטיס בהצדעה נטען (ראשי)",0,כרטיס בהצדעה נטען (ראשי): הנחת מועדון | כרטיס בהצדעה נטען (ראשי): הנחת מועדון | כרטיס בהצדעה נטען (ראשי): הנחת מועדון,,
אתגר בהר,כללי,"כרטיס בהצדעה נטען (ראשי), כרטיס בהצדעה נטען (ראשי), כרטיס בהצדעה נטען (ראשי)",0,כרטיס בהצדעה נטען (ראשי): הנחת מועדון | כרטיס בהצדעה נטען (ראשי): הנחת מועדון | כרטיס בהצדעה נטען (ראשי): הנחת מועדון,,
נוגילולה - משחקיית עץ לילדים,כללי,"כרטיס בהצדעה נטען (ראשי), כרטיס בהצדעה נטען (ראשי), כרטיס בהצדעה נטען (ראשי)",0,כרטיס בהצדעה נטען (ראשי): הנחת מועדון | כרטיס בהצדעה נטען (ראשי): הנחת מועדון | כרטיס בהצדעה נטען (ראשי): הנחת מועדון,,
פיקסל - צילום בסמארטפון,כללי,"כרטיס בהצדעה נטען (ראשי), כרטיס בהצדעה נטען (ראשי), כרטיס בהצדעה נטען (ראשי)",0,כרטיס בהצדעה נטען (ראשי): הנחת מועדון | כרטיס בהצדעה נטען (ראשי): הנחת מועדון | כרטיס בהצדעה נטען (ראשי): הנחת מועדון,,
גלית ניניו סטיילסטית אישית,כללי,"כרטיס בהצדעה נטען (ראשי), כרטיס בהצדעה נטען (ראשי), כרטיס בהצדעה נטען (ראשי)",0,כרטיס בהצדעה נטען (ראשי): הנחת מועדון | כרטיס בהצדעה נטען (ראשי): הנחת מועדון | כרטיס בהצדעה נטען (ראשי): הנחת מועדון,,
סאנשיין גרופ,כללי,"כרטיס בהצדעה נטען (ראשי), כרטיס בהצדעה נטען (ראשי), כרטיס בהצדעה נטען (ראשי)",0,כרטיס בהצדעה נטען (ראשי): הנחת מועדון | כרטיס בהצדעה נטען (ראשי): הנחת מועדון | כרטיס בהצדעה נטען (ראשי): הנחת מועדון,,
אלנתן תכשיטים סדנת צורפות,כללי,"כרטיס בהצדעה נטען (ראשי), כרטיס בהצדעה נטען (ראשי), כרטיס בהצדעה נטען (ראשי)",0,כרטיס בהצדעה נטען (ראשי): הנחת מועדון | כרטיס בהצדעה נטען (ראשי): הנחת מועדון | כרטיס בהצדעה נטען (ראשי): הנחת מועדון,,
שחמט ישראל,כללי,"כרטיס בהצדעה נטען (ראשי), כרטיס בהצדעה נטען (ראשי), כרטיס בהצדעה נטען (ראשי)",0,כרטיס בהצדעה נטען (ראשי): הנחת מועדון | כרטיס בהצדעה נטען (ראשי): הנחת מועדון | כרטיס בהצדעה נטען (ראשי): הנחת מועדון,,
ילדי הפלא,כללי,"כרטיס בהצדעה נטען (ראשי), כרטיס בהצדעה נטען (ראשי), כרטיס בהצדעה נטען (ראשי)",0,כרטיס בהצדעה נטען (ראשי): הנחת מועדון | כרטיס בהצדעה נטען (ראשי): הנחת מועדון | כרטיס בהצדעה נטען (ראשי): הנחת מועדון,,
סקיי טרק כדורים פורחים,כללי,"כרטיס בהצדעה נטען (ראשי), כרטיס בהצדעה נטען (ראשי), כרטיס בהצדעה נטען (ראשי)",0,כרטיס בהצדעה נטען (ראשי): הנחת מועדון | כרטיס בהצדעה נטען (ראשי): הנחת מועדון | כרטיס בהצדעה נטען (ראשי): הנחת מועדון,,
טננה - קורס ספרדית דיגיטלי,כללי,"כרטיס בהצדעה נטען (ראשי), כרטיס בהצדעה נטען (ראשי), כרטיס בהצדעה נטען (ראשי)",0,כרטיס בהצדעה נטען (ראשי): הנחת מועדון | כרטיס בהצדעה נטען (ראשי): הנחת מועדון | כרטיס בהצדעה נטען (ראשי): הנחת מועדון,,
אקווה פאן אילת,כללי,"כרטיס בהצדעה נטען (ראשי), כרטיס בהצדעה נטען (ראשי), כרטיס בהצדעה נטען (ראשי)",0,כרטיס בהצדעה נטען (ראשי): הנחת מועדון | כרטיס בהצדעה נטען (ראשי): הנחת מועדון | כרטיס בהצדעה נטען (ראשי): הנחת מועדון,,
יאכטה שונית אילת,כללי,"כרטיס בהצדעה נטען (ראשי), כרטיס בהצדעה נטען (ראשי), כרטיס בהצדעה נטען (ראשי)",0,כרטיס בהצדעה נטען (ראשי): הנחת מועדון | כרטיס בהצדעה נטען (ראשי): הנחת מועדון | כרטיס בהצדעה נטען (ראשי): הנחת מועדון,,
אנליזה - המרכז הישראלי להכשרות הייטק,כללי,"כרטיס בהצדעה נטען (ראשי), כרטיס בהצדעה נטען (ראשי), כרטיס בהצדעה נטען (ראשי)",0,כרטיס בהצדעה נטען (ראשי): הנחת מועדון | כרטיס בהצדעה נטען (ראשי): הנחת מועדון | כרטיס בהצדעה נטען (ראשי): הנחת מועדון,,
ווי סרף,כללי,"כרטיס בהצדעה נטען (ראשי), כרטיס בהצדעה נטען (ראשי), כרטיס בהצדעה נטען (ראשי)",0,כרטיס בהצדעה נטען (ראשי): הנחת מועדון | כרטיס בהצדעה נטען (ראשי): הנחת מועדון | כרטיס בהצדעה נטען (ראשי): הנחת מועדון,,
משה סימן טוב- שנות הקסם,כללי,"כרטיס בהצדעה נטען (ראשי), כרטיס בהצדעה נטען (ראשי), כרטיס בהצדעה נטען (ראשי)",0,כרטיס בהצדעה נטען (ראשי): הנחת מועדון | כרטיס בהצדעה נטען (ראשי): הנחת מועדון | כרטיס בהצדעה נטען (ראשי): הנחת מועדון,,
סינמטק ירושלים,כללי,"כרטיס בהצדעה נטען (ראשי), כרטיס בהצדעה נטען (ראשי), כרטיס בהצדעה נטען (ראשי), כרטיס בהצדעה נטען (ראשי), כרטיס בהצדעה נטען (ראשי), כרטיס בהצדעה נטען (ראשי)",0,כרטיס בהצדעה נטען (ראשי): הנחת מועדון | כרטיס בהצדעה נטען (ראשי): הנחת מועדון | כרטיס בהצדעה נטען (ראשי): הנחת מועדון | כרטיס בהצדעה נטען (ראשי): הנחת מועדון | כרטיס בהצדעה נטען (ראשי): הנחת מועדון | כרטיס בהצדעה נטען (ראשי): הנחת מועדון,,
אסקייפ פלאנט,כללי,"כרטיס בהצדעה נטען (ראשי), כרטיס בהצדעה נטען (ראשי), כרטיס בהצדעה נטען (ראשי)",0,כרטיס בהצדעה נטען (ראשי): הנחת מועדון | כרטיס בהצדעה נטען (ראשי): הנחת מועדון | כרטיס בהצדעה נטען (ראשי): הנחת מועדון,,
ספורט ימי באילת חיים דוד,ספורט ימי באילת חיים דוד,"כרטיס בהצדעה נטען (ראשי), כרטיס בהצדעה נטען (ראשי), כרטיס בהצדעה נטען (ראשי)",0,כרטיס בהצדעה נטען (ראשי): הנחת מועדון | כרטיס בהצדעה נטען (ראשי): הנחת מועדון | כרטיס בהצדעה נטען (ראשי): הנחת מועדון,,
מטאור תצפיות כוכבים,כללי,"כרטיס בהצדעה נטען (ראשי), כרטיס בהצדעה נטען (ראשי), כרטיס בהצדעה נטען (ראשי)",0,כרטיס בהצדעה נטען (ראשי): הנחת מועדון | כרטיס בהצדעה נטען (ראשי): הנחת מועדון | כרטיס בהצדעה נטען (ראשי): הנחת מועדון,,
המתחם נוף הגליל,כללי,"כרטיס בהצדעה נטען (ראשי), כרטיס בהצדעה נטען (ראשי), כרטיס בהצדעה נטען (ראשי)",0,כרטיס בהצדעה נטען (ראשי): הנחת מועדון | כרטיס בהצדעה נטען (ראשי): הנחת מועדון | כרטיס בהצדעה נטען (ראשי): הנחת מועדון,,
נינג'ה אקסטרים,כללי,"כרטיס בהצדעה נטען (ראשי), כרטיס בהצדעה נטען (ראשי), כרטיס בהצדעה נטען (ראשי)",0,כרטיס בהצדעה נטען (ראשי): הנחת מועדון | כרטיס בהצדעה נטען (ראשי): הנחת מועדון | כרטיס בהצדעה נטען (ראשי): הנחת מועדון,,
די תל אביב- D-TLV,כללי,"כרטיס בהצדעה נטען (ראשי), כרטיס בהצדעה נטען (ראשי), כרטיס בהצדעה נטען (ראשי)",0,כרטיס בהצדעה נטען (ראשי): הנחת מועדון | כרטיס בהצדעה נטען (ראשי): הנחת מועדון | כרטיס בהצדעה נטען (ראשי): הנחת מועדון,,
eilat desert tours,כללי,"כרטיס בהצדעה נטען (ראשי), כרטיס בהצדעה נטען (ראשי), כרטיס בהצדעה נטען (ראשי)",0,כרטיס בהצדעה נטען (ראשי): הנחת מועדון | כרטיס בהצדעה נטען (ראשי): הנחת מועדון | כרטיס בהצדעה נטען (ראשי): הנחת מועדון,,
טיקטיק חבילות ספורט והופעות,טיקטיק חבילות ספורט והופעות,"כרטיס בהצדעה נטען (ראשי), כרטיס בהצדעה נטען (ראשי), כרטיס בהצדעה נטען (ראשי)",0,כרטיס בהצדעה נטען (ראשי): הנחת מועדון | כרטיס בהצדעה נטען (ראשי): הנחת מועדון | כרטיס בהצדעה נטען (ראשי): הנחת מועדון,,
באמפ קאר אילת,כללי,"כרטיס בהצדעה נטען (ראשי), כרטיס בהצדעה נטען (ראשי), כרטיס בהצדעה נטען (ראשי)",0,כרטיס בהצדעה נטען (ראשי): הנחת מועדון | כרטיס בהצדעה נטען (ראשי): הנחת מועדון | כרטיס בהצדעה נטען (ראשי): הנחת מועדון,,
רשת פליי גיים- play game,כללי,"כרטיס בהצדעה נטען (ראשי), כרטיס בהצדעה נטען (ראשי), כרטיס בהצדעה נטען (ראשי)",0,כרטיס בהצדעה נטען (ראשי): הנחת מועדון | כרטיס בהצדעה נטען (ראשי): הנחת מועדון | כרטיס בהצדעה נטען (ראשי): הנחת מועדון,,
נינג'ה סטאר הוד השרון,כללי,"כרטיס בהצדעה נטען (ראשי), כרטיס בהצדעה נטען (ראשי), כרטיס בהצדעה נטען (ראשי)",0,כרטיס בהצדעה נטען (ראשי): הנחת מועדון | כרטיס בהצדעה נטען (ראשי): הנחת מועדון | כרטיס בהצדעה נטען (ראשי): הנחת מועדון,,
Ofek woodi נגרות בוטיק,כללי,"כרטיס בהצדעה נטען (ראשי), כרטיס בהצדעה נטען (ראשי), כרטיס בהצדעה נטען (ראשי)",0,כרטיס בהצדעה נטען (ראשי): הנחת מועדון | כרטיס בהצדעה נטען (ראשי): הנחת מועדון | כרטיס בהצדעה נטען (ראשי): הנחת מועדון,,
חוות לב הטבע,כללי,"כרטיס בהצדעה נטען (ראשי), כרטיס בהצדעה נטען (ראשי), כרטיס בהצדעה נטען (ראשי)",0,כרטיס בהצדעה נטען (ראשי): הנחת מועדון | כרטיס בהצדעה נטען (ראשי): הנחת מועדון | כרטיס בהצדעה נטען (ראשי): הנחת מועדון,,
גן החיות הלימודי חיפה,כללי,"כרטיס בהצדעה נטען (ראשי), כרטיס בהצדעה נטען (ראשי), כרטיס בהצדעה נטען (ראשי)",0,כרטיס בהצדעה נטען (ראשי): הנחת מועדון | כרטיס בהצדעה נטען (ראשי): הנחת מועדון | כרטיס בהצדעה נטען (ראשי): הנחת מועדון,,
גרין אקסטרים אילת,כללי,"כרטיס בהצדעה נטען (ראשי), כרטיס בהצדעה נטען (ראשי), כרטיס בהצדעה נטען (ראשי)",0,כרטיס בהצדעה נטען (ראשי): הנחת מועדון | כרטיס בהצדעה נטען (ראשי): הנחת מועדון | כרטיס בהצדעה נטען (ראשי): הנחת מועדון,,
שוט פויינט- אייר סופט אילת,כללי,"כרטיס בהצדעה נטען (ראשי), כרטיס בהצדעה נטען (ראשי), כרטיס בהצדעה נטען (ראשי)",0,כרטיס בהצדעה נטען (ראשי): הנחת מועדון | כרטיס בהצדעה נטען (ראשי): הנחת מועדון | כרטיס בהצדעה נטען (ראשי): הנחת מועדון,,
אסקייפ פלייס,כללי,"כרטיס בהצדעה נטען (ראשי), כרטיס בהצדעה נטען (ראשי), כרטיס בהצדעה נטען (ראשי)",0,כרטיס בהצדעה נטען (ראשי): הנחת מועדון | כרטיס בהצדעה נטען (ראשי): הנחת מועדון | כרטיס בהצדעה נטען (ראשי): הנחת מועדון,,
רייזר קלאב על הנחל,כללי,"כרטיס בהצדעה נטען (ראשי), כרטיס בהצדעה נטען (ראשי), כרטיס בהצדעה נטען (ראשי)",0,כרטיס בהצדעה נטען (ראשי): הנחת מועדון | כרטיס בהצדעה נטען (ראשי): הנחת מועדון | כרטיס בהצדעה נטען (ראשי): הנחת מועדון,,
הבריכה העירונית קריית אונו,כללי,"כרטיס בהצדעה נטען (ראשי), כרטיס בהצדעה נטען (ראשי), כרטיס בהצדעה נטען (ראשי)",0,כרטיס בהצדעה נטען (ראשי): הנחת מועדון | כרטיס בהצדעה נטען (ראשי): הנחת מועדון | כרטיס בהצדעה נטען (ראשי): הנחת מועדון,,
בבילון אונליין,כללי,"כרטיס בהצדעה נטען (ראשי), כרטיס בהצדעה נטען (ראשי), כרטיס בהצדעה נטען (ראשי)",0,כרטיס בהצדעה נטען (ראשי): הנחת מועדון | כרטיס בהצדעה נטען (ראשי): הנחת מועדון | כרטיס בהצדעה נטען (ראשי): הנחת מועדון,,
ארטפוד,כללי,"כרטיס בהצדעה נטען (ראשי), כרטיס בהצדעה נטען (ראשי), כרטיס בהצדעה נטען (ראשי)",0,כרטיס בהצדעה נטען (ראשי): הנחת מועדון | כרטיס בהצדעה נטען (ראשי): הנחת מועדון | כרטיס בהצדעה נטען (ראשי): הנחת מועדון,,
רווה קולינריה נוזלית,כללי,"כרטיס בהצדעה נטען (ראשי), כרטיס בהצדעה נטען (ראשי), כרטיס בהצדעה נטען (ראשי)",0,כרטיס בהצדעה נטען (ראשי): הנחת מועדון | כרטיס בהצדעה נטען (ראשי): הנחת מועדון | כרטיס בהצדעה נטען (ראשי): הנחת מועדון,,
לייזר סיטי פתח תקווה,כללי,"כרטיס בהצדעה נטען (ראשי), כרטיס בהצדעה נטען (ראשי), כרטיס בהצדעה נטען (ראשי)",0,כרטיס בהצדעה נטען (ראשי): הנחת מועדון | כרטיס בהצדעה נטען (ראשי): הנחת מועדון | כרטיס בהצדעה נטען (ראשי): הנחת מועדון,,
נינג'ה פארק רחובות,כללי,"כרטיס בהצדעה נטען (ראשי), כרטיס בהצדעה נטען (ראשי), כרטיס בהצדעה נטען (ראשי)",0,כרטיס בהצדעה נטען (ראשי): הנחת מועדון | כרטיס בהצדעה נטען (ראשי): הנחת מועדון | כרטיס בהצדעה נטען (ראשי): הנחת מועדון,,
רוכבים בגליל,כללי,"כרטיס בהצדעה נטען (ראשי), כרטיס בהצדעה נטען (ראשי), כרטיס בהצדעה נטען (ראשי)",0,כרטיס בהצדעה נטען (ראשי): הנחת מועדון | כרטיס בהצדעה נטען (ראשי): הנחת מועדון | כרטיס בהצדעה נטען (ראשי): הנחת מועדון,,
קווסטים חדרי בריחה,כללי,"כרטיס בהצדעה נטען (ראשי), כרטיס בהצדעה נטען (ראשי), כרטיס בהצדעה נטען (ראשי)",0,כרטיס בהצדעה נטען (ראשי): הנחת מועדון | כרטיס בהצדעה נטען (ראשי): הנחת מועדון | כרטיס בהצדעה נטען (ראשי): הנחת מועדון,,
בריכת כפר יונה,כללי,"כרטיס בהצדעה נטען (ראשי), כרטיס בהצדעה נטען (ראשי), כרטיס בהצדעה נטען (ראשי)",0,כרטיס בהצדעה נטען (ראשי): הנחת מועדון | כרטיס בהצדעה נטען (ראשי): הנחת מועדון | כרטיס בהצדעה נטען (ראשי): הנחת מועדון,,
צחי כהן- סיורים וטיולים מודרכים,כללי,"כרטיס בהצדעה נטען (ראשי), כרטיס בהצדעה נטען (ראשי), כרטיס בהצדעה נטען (ראשי)",0,כרטיס בהצדעה נטען (ראשי): הנחת מועדון | כרטיס בהצדעה נטען (ראשי): הנחת מועדון | כרטיס בהצדעה נטען (ראשי): הנחת מועדון,,
פליי פנדה,כללי,"כרטיס בהצדעה נטען (ראשי), כרטיס בהצדעה נטען (ראשי), כרטיס בהצדעה נטען (ראשי)",0,כרטיס בהצדעה נטען (ראשי): הנחת מועדון | כרטיס בהצדעה נטען (ראשי): הנחת מועדון | כרטיס בהצדעה נטען (ראשי): הנחת מועדון,,
MESA - בית לנגרים ולעץ,MESA - בית לנגרים ולעץ,"כרטיס בהצדעה נטען (ראשי), כרטיס בהצדעה נטען (ראשי), כרטיס בהצדעה נטען (ראשי)",0,כרטיס בהצדעה נטען (ראשי): הנחת מועדון | כרטיס בהצדעה נטען (ראשי): הנחת מועדון | כרטיס בהצדעה נטען (ראשי): הנחת מועדון,,
MY REAL QUEST חדרי בריחה,כללי,"כרטיס בהצדעה נטען (ראשי), כרטיס בהצדעה נטען (ראשי), כרטיס בהצדעה נטען (ראשי)",0,כרטיס בהצדעה נטען (ראשי): הנחת מועדון | כרטיס בהצדעה נטען (ראשי): הנחת מועדון | כרטיס בהצדעה נטען (ראשי): הנחת מועדון,,
לייזר טאג זון - laser tag zone,כללי,"כרטיס בהצדעה נטען (ראשי), כרטיס בהצדעה נטען (ראשי), כרטיס בהצדעה נטען (ראשי)",0,כרטיס בהצדעה נטען (ראשי): הנחת מועדון | כרטיס בהצדעה נטען (ראשי): הנחת מועדון | כרטיס בהצדעה נטען (ראשי): הנחת מועדון,,
פארק הדייג מעיין צבי,כללי,"כרטיס בהצדעה נטען (ראשי), כרטיס בהצדעה נטען (ראשי), כרטיס בהצדעה נטען (ראשי)",0,כרטיס בהצדעה נטען (ראשי): הנחת מועדון | כרטיס בהצדעה נטען (ראשי): הנחת מועדון | כרטיס בהצדעה נטען (ראשי): הנחת מועדון,,
משחקיית my baby,כללי,"כרטיס בהצדעה נטען (ראשי), כרטיס בהצדעה נטען (ראשי), כרטיס בהצדעה נטען (ראשי)",0,כרטיס בהצדעה נטען (ראשי): הנחת מועדון | כרטיס בהצדעה נטען (ראשי): הנחת מועדון | כרטיס בהצדעה נטען (ראשי): הנחת מועדון,,
נאוג׳ה,כללי,"כרטיס בהצדעה נטען (ראשי), כרטיס בהצדעה נטען (ראשי), כרטיס בהצדעה נטען (ראשי)",0,כרטיס בהצדעה נטען (ראשי): הנחת מועדון | כרטיס בהצדעה נטען (ראשי): הנחת מועדון | כרטיס בהצדעה נטען (ראשי): הנחת מועדון,,
מחבואים בחשיכה,כללי,"כרטיס בהצדעה נטען (ראשי), כרטיס בהצדעה נטען (ראשי), כרטיס בהצדעה נטען (ראשי)",0,כרטיס בהצדעה נטען (ראשי): הנחת מועדון | כרטיס בהצדעה נטען (ראשי): הנחת מועדון | כרטיס בהצדעה נטען (ראשי): הנחת מועדון,,
מאנקיז אשדוד,כללי,"כרטיס בהצדעה נטען (ראשי), כרטיס בהצדעה נטען (ראשי), כרטיס בהצדעה נטען (ראשי)",0,כרטיס בהצדעה נטען (ראשי): הנחת מועדון | כרטיס בהצדעה נטען (ראשי): הנחת מועדון | כרטיס בהצדעה נטען (ראשי): הנחת מועדון,,
jumpix - ג'מפיקס,כללי,"כרטיס בהצדעה נטען (ראשי), כרטיס בהצדעה נטען (ראשי), כרטיס בהצדעה נטען (ראשי)",0,כרטיס בהצדעה נטען (ראשי): הנחת מועדון | כרטיס בהצדעה נטען (ראשי): הנחת מועדון | כרטיס בהצדעה נטען (ראשי): הנחת מועדון,,
משחקיית ג'ונגל סיטי,כללי,"כרטיס בהצדעה נטען (ראשי), כרטיס בהצדעה נטען (ראשי), כרטיס בהצדעה נטען (ראשי)",0,כרטיס בהצדעה נטען (ראשי): הנחת מועדון | כרטיס בהצדעה נטען (ראשי): הנחת מועדון | כרטיס בהצדעה נטען (ראשי): הנחת מועדון,,
סיטי פארק רננים,כללי,"כרטיס בהצדעה נטען (ראשי), כרטיס בהצדעה נטען (ראשי), כרטיס בהצדעה נטען (ראשי)",0,כרטיס בהצדעה נטען (ראשי): הנחת מועדון | כרטיס בהצדעה נטען (ראשי): הנחת מועדון | כרטיס בהצדעה נטען (ראשי): הנחת מועדון,,
משחקיית ג'ומאנקי,כללי,"כרטיס בהצדעה נטען (ראשי), כרטיס בהצדעה נטען (ראשי), כרטיס בהצדעה נטען (ראשי)",0,כרטיס בהצדעה נטען (ראשי): הנחת מועדון | כרטיס בהצדעה נטען (ראשי): הנחת מועדון | כרטיס בהצדעה נטען (ראשי): הנחת מועדון,,
סיורי אופנה ועיצוב - גל שוקרון,סיורי אופנה ועיצוב - גל שוקרון,"כרטיס בהצדעה נטען (ראשי), כרטיס בהצדעה נטען (ראשי), כרטיס בהצדעה נטען (ראשי)",0,כרטיס בהצדעה נטען (ראשי): הנחת מועדון | כרטיס בהצדעה נטען (ראשי): הנחת מועדון | כרטיס בהצדעה נטען (ראשי): הנחת מועדון,,
מועדון גלישה דאדיז,כללי,"כרטיס בהצדעה נטען (ראשי), כרטיס בהצדעה נטען (ראשי), כרטיס בהצדעה נטען (ראשי)",0,כרטיס בהצדעה נטען (ראשי): הנחת מועדון | כרטיס בהצדעה נטען (ראשי): הנחת מועדון | כרטיס בהצדעה נטען (ראשי): הנחת מועדון,,
Quest-World חדרי בריחה,כללי,"כרטיס בהצדעה נטען (ראשי), כרטיס בהצדעה נטען (ראשי), כרטיס בהצדעה נטען (ראשי)",0,כרטיס בהצדעה נטען (ראשי): הנחת מועדון | כרטיס בהצדעה נטען (ראשי): הנחת מועדון | כרטיס בהצדעה נטען (ראשי): הנחת מועדון,,
יאכטה מונטה קרלו אילת,כללי,"כרטיס בהצדעה נטען (ראשי), כרטיס בהצדעה נטען (ראשי), כרטיס בהצדעה נטען (ראשי)",0,כרטיס בהצדעה נטען (ראשי): הנחת מועדון | כרטיס בהצדעה נטען (ראשי): הנחת מועדון | כרטיס בהצדעה נטען (ראשי): הנחת מועדון,,
חפש תמטמון,כללי,"כרטיס בהצדעה נטען (ראשי), כרטיס בהצדעה נטען (ראשי), כרטיס בהצדעה נטען (ראשי)",0,כרטיס בהצדעה נטען (ראשי): הנחת מועדון | כרטיס בהצדעה נטען (ראשי): הנחת מועדון | כרטיס בהצדעה נטען (ראשי): הנחת מועדון,,
טרקטורוני עמק חפר,כללי,"כרטיס בהצדעה נטען (ראשי), כרטיס בהצדעה נטען (ראשי), כרטיס בהצדעה נטען (ראשי)",0,כרטיס בהצדעה נטען (ראשי): הנחת מועדון | כרטיס בהצדעה נטען (ראשי): הנחת מועדון | כרטיס בהצדעה נטען (ראשי): הנחת מועדון,,
אירוח ונופש,אירוח ונופש,כרטיס בהצדעה נטען (ראשי),0,כרטיס בהצדעה נטען (ראשי): הנחת מועדון,,
VERT אילת,כפר הנופש נופי גונן,"כרטיס בהצדעה נטען (ראשי), כרטיס בהצדעה נטען (ראשי), כרטיס בהצדעה נטען (ראשי), כרטיס בהצדעה נטען (ראשי)",0,כרטיס בהצדעה נטען (ראשי): הנחת מועדון | כרטיס בהצדעה נטען (ראשי): הנחת מועדון | כרטיס בהצדעה נטען (ראשי): הנחת מועדון | כרטיס בהצדעה נטען (ראשי): הנחת מועדון,,
VERT ירושלים,כללי,"כרטיס בהצדעה נטען (ראשי), כרטיס בהצדעה נטען (ראשי), כרטיס בהצדעה נטען (ראשי)",0,כרטיס בהצדעה נטען (ראשי): הנחת מועדון | כרטיס בהצדעה נטען (ראשי): הנחת מועדון | כרטיס בהצדעה נטען (ראשי): הנחת מועדון,,
VERT ים המלח,כללי,"כרטיס בהצדעה נטען (ראשי), כרטיס בהצדעה נטען (ראשי), כרטיס בהצדעה נטען (ראשי)",0,כרטיס בהצדעה נטען (ראשי): הנחת מועדון | כרטיס בהצדעה נטען (ראשי): הנחת מועדון | כרטיס בהצדעה נטען (ראשי): הנחת מועדון,,
VERT לגון נתניה,כללי,"כרטיס בהצדעה נטען (ראשי), כרטיס בהצדעה נטען (ראשי), כרטיס בהצדעה נטען (ראשי)",0,כרטיס בהצדעה נטען (ראשי): הנחת מועדון | כרטיס בהצדעה נטען (ראשי): הנחת מועדון | כרטיס בהצדעה נטען (ראשי): הנחת מועדון,,
מלון קומפורט אילת,כללי,"כרטיס בהצדעה נטען (ראשי), כרטיס בהצדעה נטען (ראשי), כרטיס בהצדעה נטען (ראשי)",0,כרטיס בהצדעה נטען (ראשי): הנחת מועדון | כרטיס בהצדעה נטען (ראשי): הנחת מועדון | כרטיס בהצדעה נטען (ראשי): הנחת מועדון,,
אירוח כפרי אצל תמי,כללי,"כרטיס בהצדעה נטען (ראשי), כרטיס בהצדעה נטען (ראשי), כרטיס בהצדעה נטען (ראשי)",0,כרטיס בהצדעה נטען (ראשי): הנחת מועדון | כרטיס בהצדעה נטען (ראשי): הנחת מועדון | כרטיס בהצדעה נטען (ראשי): הנחת מועדון,,
רמון פאלמס,כללי,"כרטיס בהצדעה נטען (ראשי), כרטיס בהצדעה נטען (ראשי), כרטיס בהצדעה נטען (ראשי)",0,כרטיס בהצדעה נטען (ראשי): הנחת מועדון | כרטיס בהצדעה נטען (ראשי): הנחת מועדון | כרטיס בהצדעה נטען (ראשי): הנחת מועדון,,
מלון אלמונד,כללי,"כרטיס בהצדעה נטען (ראשי), כרטיס בהצדעה נטען (ראשי), כרטיס בהצדעה נטען (ראשי)",0,כרטיס בהצדעה נטען (ראשי): הנחת מועדון | כרטיס בהצדעה נטען (ראשי): הנחת מועדון | כרטיס בהצדעה נטען (ראשי): הנחת מועדון,,
מלון נווה אילן,כללי,"כרטיס בהצדעה נטען (ראשי), כרטיס בהצדעה נטען (ראשי), כרטיס בהצדעה נטען (ראשי)",0,כרטיס בהצדעה נטען (ראשי): הנחת מועדון | כרטיס בהצדעה נטען (ראשי): הנחת מועדון | כרטיס בהצדעה נטען (ראשי): הנחת מועדון,,
מלון נס עמים,כללי,"כרטיס בהצדעה נטען (ראשי), כרטיס בהצדעה נטען (ראשי), כרטיס בהצדעה נטען (ראשי)",0,כרטיס בהצדעה נטען (ראשי): הנחת מועדון | כרטיס בהצדעה נטען (ראשי): הנחת מועדון | כרטיס בהצדעה נטען (ראשי): הנחת מועדון,,
טאג' מאהל,כללי,"כרטיס בהצדעה נטען (ראשי), כרטיס בהצדעה נטען (ראשי), כרטיס בהצדעה נטען (ראשי)",0,כרטיס בהצדעה נטען (ראשי): הנחת מועדון | כרטיס בהצדעה נטען (ראשי): הנחת מועדון | כרטיס בהצדעה נטען (ראשי): הנחת מועדון,,
מלון אירוס המדבר ירוחם,כללי,"כרטיס בהצדעה נטען (ראשי), כרטיס בהצדעה נטען (ראשי), כרטיס בהצדעה נטען (ראשי)",0,כרטיס בהצדעה נטען (ראשי): הנחת מועדון | כרטיס בהצדעה נטען (ראשי): הנחת מועדון | כרטיס בהצדעה נטען (ראשי): הנחת מועדון,,
מלון אלדן - הוטל D,כללי,"כרטיס בהצדעה נטען (ראשי), כרטיס בהצדעה נטען (ראשי), כרטיס בהצדעה נטען (ראשי)",0,כרטיס בהצדעה נטען (ראשי): הנחת מועדון | כרטיס בהצדעה נטען (ראשי): הנחת מועדון | כרטיס בהצדעה נטען (ראשי): הנחת מועדון,,
מלון ג'יירוז - הוטל D,כללי,"כרטיס בהצדעה נטען (ראשי), כרטיס בהצדעה נטען (ראשי), כרטיס בהצדעה נטען (ראשי)",0,כרטיס בהצדעה נטען (ראשי): הנחת מועדון | כרטיס בהצדעה נטען (ראשי): הנחת מועדון | כרטיס בהצדעה נטען (ראשי): הנחת מועדון,,
מלון בית שמואל - הוטל D,מלון בית שמואל - הוטל D,"כרטיס בהצדעה נטען (ראשי), כרטיס בהצדעה נטען (ראשי), כרטיס בהצדעה נטען (ראשי)",0,כרטיס בהצדעה נטען (ראשי): הנחת מועדון | כרטיס בהצדעה נטען (ראשי): הנחת מועדון | כרטיס בהצדעה נטען (ראשי): הנחת מועדון,,
החצר המוסיקלית - מושב רמות,כללי,"כרטיס בהצדעה נטען (ראשי), כרטיס בהצדעה נטען (ראשי), כרטיס בהצדעה נטען (ראשי)",0,כרטיס בהצדעה נטען (ראשי): הנחת מועדון | כרטיס בהצדעה נטען (ראשי): הנחת מועדון | כרטיס בהצדעה נטען (ראשי): הנחת מועדון,,
נופים בלבן - מושב רמות,כללי,"כרטיס בהצדעה נטען (ראשי), כרטיס בהצדעה נטען (ראשי), כרטיס בהצדעה נטען (ראשי)",0,כרטיס בהצדעה נטען (ראשי): הנחת מועדון | כרטיס בהצדעה נטען (ראשי): הנחת מועדון | כרטיס בהצדעה נטען (ראשי): הנחת מועדון,,
בתי הקייט בארבל,כללי,"כרטיס בהצדעה נטען (ראשי), כרטיס בהצדעה נטען (ראשי), כרטיס בהצדעה נטען (ראשי)",0,כרטיס בהצדעה נטען (ראשי): הנחת מועדון | כרטיס בהצדעה נטען (ראשי): הנחת מועדון | כרטיס בהצדעה נטען (ראשי): הנחת מועדון,,
נפלאות הגליל - מושב שפר,כללי,"כרטיס בהצדעה נטען (ראשי), כרטיס בהצדעה נטען (ראשי), כרטיס בהצדעה נטען (ראשי)",0,כרטיס בהצדעה נטען (ראשי): הנחת מועדון | כרטיס בהצדעה נטען (ראשי): הנחת מועדון | כרטיס בהצדעה נטען (ראשי): הנחת מועדון,,
black and white - מושב חד נס,כללי,"כרטיס בהצדעה נטען (ראשי), כרטיס בהצדעה נטען (ראשי), כרטיס בהצדעה נטען (ראשי)",0,כרטיס בהצדעה נטען (ראשי): הנחת מועדון | כרטיס בהצדעה נטען (ראשי): הנחת מועדון | כרטיס בהצדעה נטען (ראשי): הנחת מועדון,,
בקתות מאיה - כינורות,כללי,"כרטיס בהצדעה נטען (ראשי), כרטיס בהצדעה נטען (ראשי), כרטיס בהצדעה נטען (ראשי)",0,כרטיס בהצדעה נטען (ראשי): הנחת מועדון | כרטיס בהצדעה נטען (ראשי): הנחת מועדון | כרטיס בהצדעה נטען (ראשי): הנחת מועדון,,
מול הנוף - מושב רמות,כללי,"כרטיס בהצדעה נטען (ראשי), כרטיס בהצדעה נטען (ראשי), כרטיס בהצדעה נטען (ראשי)",0,כרטיס בהצדעה נטען (ראשי): הנחת מועדון | כרטיס בהצדעה נטען (ראשי): הנחת מועדון | כרטיס בהצדעה נטען (ראשי): הנחת מועדון,,
לה פאצה - מושב חד נס,כללי,"כרטיס בהצדעה נטען (ראשי), כרטיס בהצדעה נטען (ראשי), כרטיס בהצדעה נטען (ראשי)",0,כרטיס בהצדעה נטען (ראשי): הנחת מועדון | כרטיס בהצדעה נטען (ראשי): הנחת מועדון | כרטיס בהצדעה נטען (ראשי): הנחת מועדון,,
אחוזת כינורות - טבריה,כללי,"כרטיס בהצדעה נטען (ראשי), כרטיס בהצדעה נטען (ראשי), כרטיס בהצדעה נטען (ראשי)",0,כרטיס בהצדעה נטען (ראשי): הנחת מועדון | כרטיס בהצדעה נטען (ראשי): הנחת מועדון | כרטיס בהצדעה נטען (ראשי): הנחת מועדון,,
אצולת אבן חן - מושב ראש פינה,כללי,"כרטיס בהצדעה נטען (ראשי), כרטיס בהצדעה נטען (ראשי), כרטיס בהצדעה נטען (ראשי)",0,כרטיס בהצדעה נטען (ראשי): הנחת מועדון | כרטיס בהצדעה נטען (ראשי): הנחת מועדון | כרטיס בהצדעה נטען (ראשי): הנחת מועדון,,
הבקתה הגלילית - מושב ארבל,כללי,"כרטיס בהצדעה נטען (ראשי), כרטיס בהצדעה נטען (ראשי), כרטיס בהצדעה נטען (ראשי)",0,כרטיס בהצדעה נטען (ראשי): הנחת מועדון | כרטיס בהצדעה נטען (ראשי): הנחת מועדון | כרטיס בהצדעה נטען (ראשי): הנחת מועדון,,
אצולה בגולן - מושב חד נס,כללי,"כרטיס בהצדעה נטען (ראשי), כרטיס בהצדעה נטען (ראשי), כרטיס בהצדעה נטען (ראשי)",0,כרטיס בהצדעה נטען (ראשי): הנחת מועדון | כרטיס בהצדעה נטען (ראשי): הנחת מועדון | כרטיס בהצדעה נטען (ראשי): הנחת מועדון,,
בקתה בגולן - מושב חד נס,כללי,"כרטיס בהצדעה נטען (ראשי), כרטיס בהצדעה נטען (ראשי), כרטיס בהצדעה נטען (ראשי)",0,כרטיס בהצדעה נטען (ראשי): הנחת מועדון | כרטיס בהצדעה נטען (ראשי): הנחת מועדון | כרטיס בהצדעה נטען (ראשי): הנחת מועדון,,
פרדייז ריזורט - מושב חד נס,כללי,"כרטיס בהצדעה נטען (ראשי), כרטיס בהצדעה נטען (ראשי), כרטיס בהצדעה נטען (ראשי)",0,כרטיס בהצדעה נטען (ראשי): הנחת מועדון | כרטיס בהצדעה נטען (ראשי): הנחת מועדון | כרטיס בהצדעה נטען (ראשי): הנחת מועדון,,
נפלאות הגולן - מושב חד נס,כללי,"כרטיס בהצדעה נטען (ראשי), כרטיס בהצדעה נטען (ראשי), כרטיס בהצדעה נטען (ראשי)",0,כרטיס בהצדעה נטען (ראשי): הנחת מועדון | כרטיס בהצדעה נטען (ראשי): הנחת מועדון | כרטיס בהצדעה נטען (ראשי): הנחת מועדון,,
סייסטה ברמות - מושב חד נס,כללי,"כרטיס בהצדעה נטען (ראשי), כרטיס בהצדעה נטען (ראשי), כרטיס בהצדעה נטען (ראשי)",0,כרטיס בהצדעה נטען (ראשי): הנחת מועדון | כרטיס בהצדעה נטען (ראשי): הנחת מועדון | כרטיס בהצדעה נטען (ראשי): הנחת מועדון,,
אחוזת הוואי - מושב חד נס,כללי,"כרטיס בהצדעה נטען (ראשי), כרטיס בהצדעה נטען (ראשי), כרטיס בהצדעה נטען (ראשי)",0,כרטיס בהצדעה נטען (ראשי): הנחת מועדון | כרטיס בהצדעה נטען (ראשי): הנחת מועדון | כרטיס בהצדעה נטען (ראשי): הנחת מועדון,,
סוויטות דה בלנקה - מושב חד נס,כללי,"כרטיס בהצדעה נטען (ראשי), כרטיס בהצדעה נטען (ראשי), כרטיס בהצדעה נטען (ראשי)",0,כרטיס בהצדעה נטען (ראשי): הנחת מועדון | כרטיס בהצדעה נטען (ראשי): הנחת מועדון | כרטיס בהצדעה נטען (ראשי): הנחת מועדון,,
צימר בגבעה - גבעת יואב,כללי,"כרטיס בהצדעה נטען (ראשי), כרטיס בהצדעה נטען (ראשי), כרטיס בהצדעה נטען (ראשי)",0,כרטיס בהצדעה נטען (ראשי): הנחת מועדון | כרטיס בהצדעה נטען (ראשי): הנחת מועדון | כרטיס בהצדעה נטען (ראשי): הנחת מועדון,,
בקתות ספיר - מושב כלנית,כללי,"כרטיס בהצדעה נטען (ראשי), כרטיס בהצדעה נטען (ראשי), כרטיס בהצדעה נטען (ראשי)",0,כרטיס בהצדעה נטען (ראשי): הנחת מועדון | כרטיס בהצדעה נטען (ראשי): הנחת מועדון | כרטיס בהצדעה נטען (ראשי): הנחת מועדון,,
אצולת הכנרת,כללי,"כרטיס בהצדעה נטען (ראשי), כרטיס בהצדעה נטען (ראשי), כרטיס בהצדעה נטען (ראשי)",0,כרטיס בהצדעה נטען (ראשי): הנחת מועדון | כרטיס בהצדעה נטען (ראשי): הנחת מועדון | כרטיס בהצדעה נטען (ראשי): הנחת מועדון,,
צימר קוצ'ה בכפר,כללי,"כרטיס בהצדעה נטען (ראשי), כרטיס בהצדעה נטען (ראשי), כרטיס בהצדעה נטען (ראשי)",0,כרטיס בהצדעה נטען (ראשי): הנחת מועדון | כרטיס בהצדעה נטען (ראשי): הנחת מועדון | כרטיס בהצדעה נטען (ראשי): הנחת מועדון,,
בקתה בחד נס- אלאדין,כללי,"כרטיס בהצדעה נטען (ראשי), כרטיס בהצדעה נטען (ראשי), כרטיס בהצדעה נטען (ראשי)",0,כרטיס בהצדעה נטען (ראשי): הנחת מועדון | כרטיס בהצדעה נטען (ראשי): הנחת מועדון | כרטיס בהצדעה נטען (ראשי): הנחת מועדון,,
מלון קראון פלאזה תל אביב,כללי,"כרטיס בהצדעה נטען (ראשי), כרטיס בהצדעה נטען (ראשי), כרטיס בהצדעה נטען (ראשי)",0,כרטיס בהצדעה נטען (ראשי): הנחת מועדון | כרטיס בהצדעה נטען (ראשי): הנחת מועדון | כרטיס בהצדעה נטען (ראשי): הנחת מועדון,,
מלון קראון פלאזה סיטי סנטר תל אביב,כללי,"כרטיס בהצדעה נטען (ראשי), כרטיס בהצדעה נטען (ראשי), כרטיס בהצדעה נטען (ראשי)",0,כרטיס בהצדעה נטען (ראשי): הנחת מועדון | כרטיס בהצדעה נטען (ראשי): הנחת מועדון | כרטיס בהצדעה נטען (ראשי): הנחת מועדון,,
מלון אינדיגו,כללי,"כרטיס בהצדעה נטען (ראשי), כרטיס בהצדעה נטען (ראשי), כרטיס בהצדעה נטען (ראשי)",0,כרטיס בהצדעה נטען (ראשי): הנחת מועדון | כרטיס בהצדעה נטען (ראשי): הנחת מועדון | כרטיס בהצדעה נטען (ראשי): הנחת מועדון,,
מלון פולי אורבן,כללי,"כרטיס בהצדעה נטען (ראשי), כרטיס בהצדעה נטען (ראשי), כרטיס בהצדעה נטען (ראשי)",0,כרטיס בהצדעה נטען (ראשי): הנחת מועדון | כרטיס בהצדעה נטען (ראשי): הנחת מועדון | כרטיס בהצדעה נטען (ראשי): הנחת מועדון,,
מלון פולי האוס,כללי,"כרטיס בהצדעה נטען (ראשי), כרטיס בהצדעה נטען (ראשי), כרטיס בהצדעה נטען (ראשי)",0,כרטיס בהצדעה נטען (ראשי): הנחת מועדון | כרטיס בהצדעה נטען (ראשי): הנחת מועדון | כרטיס בהצדעה נטען (ראשי): הנחת מועדון,,
מלון איב אילת רשת אדם,כללי,"כרטיס בהצדעה נטען (ראשי), כרטיס בהצדעה נטען (ראשי), כרטיס בהצדעה נטען (ראשי)",0,כרטיס בהצדעה נטען (ראשי): הנחת מועדון | כרטיס בהצדעה נטען (ראשי): הנחת מועדון | כרטיס בהצדעה נטען (ראשי): הנחת מועדון,,
מלון אדם בוטיק אילת,כללי,"כרטיס בהצדעה נטען (ראשי), כרטיס בהצדעה נטען (ראשי), כרטיס בהצדעה נטען (ראשי)",0,כרטיס בהצדעה נטען (ראשי): הנחת מועדון | כרטיס בהצדעה נטען (ראשי): הנחת מועדון | כרטיס בהצדעה נטען (ראשי): הנחת מועדון,,
וילה בראון מושבה,כללי,"כרטיס בהצדעה נטען (ראשי), כרטיס בהצדעה נטען (ראשי), כרטיס בהצדעה נטען (ראשי)",0,כרטיס בהצדעה נטען (ראשי): הנחת מועדון | כרטיס בהצדעה נטען (ראשי): הנחת מועדון | כרטיס בהצדעה נטען (ראשי): הנחת מועדון,,
מלון בראון מחנה יהודה,כללי,"כרטיס בהצדעה נטען (ראשי), כרטיס בהצדעה נטען (ראשי), כרטיס בהצדעה נטען (ראשי)",0,כרטיס בהצדעה נטען (ראשי): הנחת מועדון | כרטיס בהצדעה נטען (ראשי): הנחת מועדון | כרטיס בהצדעה נטען (ראשי): הנחת מועדון,,
בראון ממילא JLM,כללי,"כרטיס בהצדעה נטען (ראשי), כרטיס בהצדעה נטען (ראשי), כרטיס בהצדעה נטען (ראשי)",0,כרטיס בהצדעה נטען (ראשי): הנחת מועדון | כרטיס בהצדעה נטען (ראשי): הנחת מועדון | כרטיס בהצדעה נטען (ראשי): הנחת מועדון,,
מלון דברה בראון,כללי,"כרטיס בהצדעה נטען (ראשי), כרטיס בהצדעה נטען (ראשי), כרטיס בהצדעה נטען (ראשי)",0,כרטיס בהצדעה נטען (ראשי): הנחת מועדון | כרטיס בהצדעה נטען (ראשי): הנחת מועדון | כרטיס בהצדעה נטען (ראשי): הנחת מועדון,,
מלון בראון בובו,כללי,"כרטיס בהצדעה נטען (ראשי), כרטיס בהצדעה נטען (ראשי), כרטיס בהצדעה נטען (ראשי)",0,כרטיס בהצדעה נטען (ראשי): הנחת מועדון | כרטיס בהצדעה נטען (ראשי): הנחת מועדון | כרטיס בהצדעה נטען (ראשי): הנחת מועדון,,
מלון וילה בראון תל אביב,כללי,"כרטיס בהצדעה נטען (ראשי), כרטיס בהצדעה נטען (ראשי), כרטיס בהצדעה נטען (ראשי)",0,כרטיס בהצדעה נטען (ראשי): הנחת מועדון | כרטיס בהצדעה נטען (ראשי): הנחת מועדון | כרטיס בהצדעה נטען (ראשי): הנחת מועדון,,
מלון בראון ביץ' האוס,כללי,"כרטיס בהצדעה נטען (ראשי), כרטיס בהצדעה נטען (ראשי), כרטיס בהצדעה נטען (ראשי)",0,כרטיס בהצדעה נטען (ראשי): הנחת מועדון | כרטיס בהצדעה נטען (ראשי): הנחת מועדון | כרטיס בהצדעה נטען (ראשי): הנחת מועדון,,
וילה בראון ירושלים,כללי,"כרטיס בהצדעה נטען (ראשי), כרטיס בהצדעה נטען (ראשי), כרטיס בהצדעה נטען (ראשי)",0,כרטיס בהצדעה נטען (ראשי): הנחת מועדון | כרטיס בהצדעה נטען (ראשי): הנחת מועדון | כרטיס בהצדעה נטען (ראשי): הנחת מועדון,,
מלון פרימה המלכים ירושלים,כללי,"כרטיס בהצדעה נטען (ראשי), כרטיס בהצדעה נטען (ראשי), כרטיס בהצדעה נטען (ראשי)",0,כרטיס בהצדעה נטען (ראשי): הנחת מועדון | כרטיס בהצדעה נטען (ראשי): הנחת מועדון | כרטיס בהצדעה נטען (ראשי): הנחת מועדון,,
מלון פרימה רויאל ירושלים,כללי,"כרטיס בהצדעה נטען (ראשי), כרטיס בהצדעה נטען (ראשי), כרטיס בהצדעה נטען (ראשי)",0,כרטיס בהצדעה נטען (ראשי): הנחת מועדון | כרטיס בהצדעה נטען (ראשי): הנחת מועדון | כרטיס בהצדעה נטען (ראשי): הנחת מועדון,,
פרימה פאלאס,כללי,"כרטיס בהצדעה נטען (ראשי), כרטיס בהצדעה נטען (ראשי), כרטיס בהצדעה נטען (ראשי)",0,כרטיס בהצדעה נטען (ראשי): הנחת מועדון | כרטיס בהצדעה נטען (ראשי): הנחת מועדון | כרטיס בהצדעה נטען (ראשי): הנחת מועדון,,
מלון פרימה פארק ירושלים,כללי,"כרטיס בהצדעה נטען (ראשי), כרטיס בהצדעה נטען (ראשי), כרטיס בהצדעה נטען (ראשי)",0,כרטיס בהצדעה נטען (ראשי): הנחת מועדון | כרטיס בהצדעה נטען (ראשי): הנחת מועדון | כרטיס בהצדעה נטען (ראשי): הנחת מועדון,,
מלון פרימה תל אביב,כללי,"כרטיס בהצדעה נטען (ראשי), כרטיס בהצדעה נטען (ראשי), כרטיס בהצדעה נטען (ראשי)",0,כרטיס בהצדעה נטען (ראשי): הנחת מועדון | כרטיס בהצדעה נטען (ראשי): הנחת מועדון | כרטיס בהצדעה נטען (ראשי): הנחת מועדון,,
מלון פרימה גליל טבריה,כללי,"כרטיס בהצדעה נטען (ראשי), כרטיס בהצדעה נטען (ראשי), כרטיס בהצדעה נטען (ראשי)",0,כרטיס בהצדעה נטען (ראשי): הנחת מועדון | כרטיס בהצדעה נטען (ראשי): הנחת מועדון | כרטיס בהצדעה נטען (ראשי): הנחת מועדון,,
מלון פרימה מיוזיק אילת,כללי,"כרטיס בהצדעה נטען (ראשי), כרטיס בהצדעה נטען (ראשי), כרטיס בהצדעה נטען (ראשי)",0,כרטיס בהצדעה נטען (ראשי): הנחת מועדון | כרטיס בהצדעה נטען (ראשי): הנחת מועדון | כרטיס בהצדעה נטען (ראשי): הנחת מועדון,,
מלון פרימה סיטי תל אביב,כללי,"כרטיס בהצדעה נטען (ראשי), כרטיס בהצדעה נטען (ראשי), כרטיס בהצדעה נטען (ראשי)",0,כרטיס בהצדעה נטען (ראשי): הנחת מועדון | כרטיס בהצדעה נטען (ראשי): הנחת מועדון | כרטיס בהצדעה נטען (ראשי): הנחת מועדון,,
מלון פרימה הוטל 75 תל אביב,כללי,"כרטיס בהצדעה נטען (ראשי), כרטיס בהצדעה נטען (ראשי), כרטיס בהצדעה נטען (ראשי)",0,כרטיס בהצדעה נטען (ראשי): הנחת מועדון | כרטיס בהצדעה נטען (ראשי): הנחת מועדון | כרטיס בהצדעה נטען (ראשי): הנחת מועדון,,
מלון פרימה מגדל דוד נתניה,כללי,"כרטיס בהצדעה נטען (ראשי), כרטיס בהצדעה נטען (ראשי), כרטיס בהצדעה נטען (ראשי)",0,כרטיס בהצדעה נטען (ראשי): הנחת מועדון | כרטיס בהצדעה נטען (ראשי): הנחת מועדון | כרטיס בהצדעה נטען (ראשי): הנחת מועדון,,
פרימה ורה ירושלים,כללי,"כרטיס בהצדעה נטען (ראשי), כרטיס בהצדעה נטען (ראשי), כרטיס בהצדעה נטען (ראשי)",0,כרטיס בהצדעה נטען (ראשי): הנחת מועדון | כרטיס בהצדעה נטען (ראשי): הנחת מועדון | כרטיס בהצדעה נטען (ראשי): הנחת מועדון,,
פרימה מנדלי,כללי,"כרטיס בהצדעה נטען (ראשי), כרטיס בהצדעה נטען (ראשי), כרטיס בהצדעה נטען (ראשי)",0,כרטיס בהצדעה נטען (ראשי): הנחת מועדון | כרטיס בהצדעה נטען (ראשי): הנחת מועדון | כרטיס בהצדעה נטען (ראשי): הנחת מועדון,,
מלון פרימה לינק,כללי,"כרטיס בהצדעה נטען (ראשי), כרטיס בהצדעה נטען (ראשי), כרטיס בהצדעה נטען (ראשי)",0,כרטיס בהצדעה נטען (ראשי): הנחת מועדון | כרטיס בהצדעה נטען (ראשי): הנחת מועדון | כרטיס בהצדעה נטען (ראשי): הנחת מועדון,,
מלון פרימה מילניום,כללי,"כרטיס בהצדעה נטען (ראשי), כרטיס בהצדעה נטען (ראשי), כרטיס בהצדעה נטען (ראשי)",0,כרטיס בהצדעה נטען (ראשי): הנחת מועדון | כרטיס בהצדעה נטען (ראשי): הנחת מועדון | כרטיס בהצדעה נטען (ראשי): הנחת מועדון,,
גייקוב סמואל,כללי,"כרטיס בהצדעה נטען (ראשי), כרטיס בהצדעה נטען (ראשי), כרטיס בהצדעה נטען (ראשי)",0,כרטיס בהצדעה נטען (ראשי): הנחת מועדון | כרטיס בהצדעה נטען (ראשי): הנחת מועדון | כרטיס בהצדעה נטען (ראשי): הנחת מועדון,,
מלון אואזיס ספא קלאב,כללי,"כרטיס בהצדעה נטען (ראשי), כרטיס בהצדעה נטען (ראשי), כרטיס בהצדעה נטען (ראשי)",0,כרטיס בהצדעה נטען (ראשי): הנחת מועדון | כרטיס בהצדעה נטען (ראשי): הנחת מועדון | כרטיס בהצדעה נטען (ראשי): הנחת מועדון,,
מלון קסיה י-ם,כללי,"כרטיס בהצדעה נטען (ראשי), כרטיס בהצדעה נטען (ראשי), כרטיס בהצדעה נטען (ראשי)",0,כרטיס בהצדעה נטען (ראשי): הנחת מועדון | כרטיס בהצדעה נטען (ראשי): הנחת מועדון | כרטיס בהצדעה נטען (ראשי): הנחת מועדון,,
מלון נווה שלום,כללי,"כרטיס בהצדעה נטען (ראשי), כרטיס בהצדעה נטען (ראשי), כרטיס בהצדעה נטען (ראשי)",0,כרטיס בהצדעה נטען (ראשי): הנחת מועדון | כרטיס בהצדעה נטען (ראשי): הנחת מועדון | כרטיס בהצדעה נטען (ראשי): הנחת מועדון,,
מלון התיאטרון ירושלים,כללי,"כרטיס בהצדעה נטען (ראשי), כרטיס בהצדעה נטען (ראשי), כרטיס בהצדעה נטען (ראשי)",0,כרטיס בהצדעה נטען (ראשי): הנחת מועדון | כרטיס בהצדעה נטען (ראשי): הנחת מועדון | כרטיס בהצדעה נטען (ראשי): הנחת מועדון,,
מלון ספרה,כללי,"כרטיס בהצדעה נטען (ראשי), כרטיס בהצדעה נטען (ראשי), כרטיס בהצדעה נטען (ראשי)",0,כרטיס בהצדעה נטען (ראשי): הנחת מועדון | כרטיס בהצדעה נטען (ראשי): הנחת מועדון | כרטיס בהצדעה נטען (ראשי): הנחת מועדון,,
טיפאני - סוד אהבה,כללי,"כרטיס בהצדעה נטען (ראשי), כרטיס בהצדעה נטען (ראשי), כרטיס בהצדעה נטען (ראשי)",0,כרטיס בהצדעה נטען (ראשי): הנחת מועדון | כרטיס בהצדעה נטען (ראשי): הנחת מועדון | כרטיס בהצדעה נטען (ראשי): הנחת מועדון,,
מלון איילנד נתניה,כללי,"כרטיס בהצדעה נטען (ראשי), כרטיס בהצדעה נטען (ראשי), כרטיס בהצדעה נטען (ראשי)",0,כרטיס בהצדעה נטען (ראשי): הנחת מועדון | כרטיס בהצדעה נטען (ראשי): הנחת מועדון | כרטיס בהצדעה נטען (ראשי): הנחת מועדון,,
מלון פיורי 41 רשת אדם,כללי,"כרטיס בהצדעה נטען (ראשי), כרטיס בהצדעה נטען (ראשי), כרטיס בהצדעה נטען (ראשי)",0,כרטיס בהצדעה נטען (ראשי): הנחת מועדון | כרטיס בהצדעה נטען (ראשי): הנחת מועדון | כרטיס בהצדעה נטען (ראשי): הנחת מועדון,,
מלון 1935 רשת אדם,כללי,"כרטיס בהצדעה נטען (ראשי), כרטיס בהצדעה נטען (ראשי), כרטיס בהצדעה נטען (ראשי)",0,כרטיס בהצדעה נטען (ראשי): הנחת מועדון | כרטיס בהצדעה נטען (ראשי): הנחת מועדון | כרטיס בהצדעה נטען (ראשי): הנחת מועדון,,
שירת הגליל,כללי,"כרטיס בהצדעה נטען (ראשי), כרטיס בהצדעה נטען (ראשי), כרטיס בהצדעה נטען (ראשי)",0,כרטיס בהצדעה נטען (ראשי): הנחת מועדון | כרטיס בהצדעה נטען (ראשי): הנחת מועדון | כרטיס בהצדעה נטען (ראשי): הנחת מועדון,,
אצולת הכפר,כללי,"כרטיס בהצדעה נטען (ראשי), כרטיס בהצדעה נטען (ראשי), כרטיס בהצדעה נטען (ראשי)",0,כרטיס בהצדעה נטען (ראשי): הנחת מועדון | כרטיס בהצדעה נטען (ראשי): הנחת מועדון | כרטיס בהצדעה נטען (ראשי): הנחת מועדון,,
סוויטות הרמבם,כללי,"כרטיס בהצדעה נטען (ראשי), כרטיס בהצדעה נטען (ראשי), כרטיס בהצדעה נטען (ראשי)",0,כרטיס בהצדעה נטען (ראשי): הנחת מועדון | כרטיס בהצדעה נטען (ראשי): הנחת מועדון | כרטיס בהצדעה נטען (ראשי): הנחת מועדון,,
בקתות ההוד,כללי,"כרטיס בהצדעה נטען (ראשי), כרטיס בהצדעה נטען (ראשי), כרטיס בהצדעה נטען (ראשי)",0,כרטיס בהצדעה נטען (ראשי): הנחת מועדון | כרטיס בהצדעה נטען (ראשי): הנחת מועדון | כרטיס בהצדעה נטען (ראשי): הנחת מועדון,,
אחוזת מיתרים,כללי,"כרטיס בהצדעה נטען (ראשי), כרטיס בהצדעה נטען (ראשי), כרטיס בהצדעה נטען (ראשי)",0,כרטיס בהצדעה נטען (ראשי): הנחת מועדון | כרטיס בהצדעה נטען (ראשי): הנחת מועדון | כרטיס בהצדעה נטען (ראשי): הנחת מועדון,,
חלום שלמה,כללי,"כרטיס בהצדעה נטען (ראשי), כרטיס בהצדעה נטען (ראשי), כרטיס בהצדעה נטען (ראשי)",0,כרטיס בהצדעה נטען (ראשי): הנחת מועדון | כרטיס בהצדעה נטען (ראשי): הנחת מועדון | כרטיס בהצדעה נטען (ראשי): הנחת מועדון,,
אירופה בוטיק כנרת,כללי,"כרטיס בהצדעה נטען (ראשי), כרטיס בהצדעה נטען (ראשי), כרטיס בהצדעה נטען (ראשי)",0,כרטיס בהצדעה נטען (ראשי): הנחת מועדון | כרטיס בהצדעה נטען (ראשי): הנחת מועדון | כרטיס בהצדעה נטען (ראשי): הנחת מועדון,,
בתי נורית,כללי,"כרטיס בהצדעה נטען (ראשי), כרטיס בהצדעה נטען (ראשי), כרטיס בהצדעה נטען (ראשי)",0,כרטיס בהצדעה נטען (ראשי): הנחת מועדון | כרטיס בהצדעה נטען (ראשי): הנחת מועדון | כרטיס בהצדעה נטען (ראשי): הנחת מועדון,,
מלון לוט ים המלח,כללי,"כרטיס בהצדעה נטען (ראשי), כרטיס בהצדעה נטען (ראשי), כרטיס בהצדעה נטען (ראשי)",0,כרטיס בהצדעה נטען (ראשי): הנחת מועדון | כרטיס בהצדעה נטען (ראשי): הנחת מועדון | כרטיס בהצדעה נטען (ראשי): הנחת מועדון,,
מלון גלי כנרת,כללי,"כרטיס בהצדעה נטען (ראשי), כרטיס בהצדעה נטען (ראשי), כרטיס בהצדעה נטען (ראשי)",0,כרטיס בהצדעה נטען (ראשי): הנחת מועדון | כרטיס בהצדעה נטען (ראשי): הנחת מועדון | כרטיס בהצדעה נטען (ראשי): הנחת מועדון,,
מלון PLAY לבונטין תל אביב,כללי,"כרטיס בהצדעה נטען (ראשי), כרטיס בהצדעה נטען (ראשי), כרטיס בהצדעה נטען (ראשי)",0,כרטיס בהצדעה נטען (ראשי): הנחת מועדון | כרטיס בהצדעה נטען (ראשי): הנחת מועדון | כרטיס בהצדעה נטען (ראשי): הנחת מועדון,,
מלון פליי סי פורט תל אביב,כללי,"כרטיס בהצדעה נטען (ראשי), כרטיס בהצדעה נטען (ראשי), כרטיס בהצדעה נטען (ראשי)",0,כרטיס בהצדעה נטען (ראשי): הנחת מועדון | כרטיס בהצדעה נטען (ראשי): הנחת מועדון | כרטיס בהצדעה נטען (ראשי): הנחת מועדון,,
בראון ים המלח,כללי,"כרטיס בהצדעה נטען (ראשי), כרטיס בהצדעה נטען (ראשי), כרטיס בהצדעה נטען (ראשי)",0,כרטיס בהצדעה נטען (ראשי): הנחת מועדון | כרטיס בהצדעה נטען (ראשי): הנחת מועדון | כרטיס בהצדעה נטען (ראשי): הנחת מועדון,,
מלון בראון ירושלים (מלון שלום לשעבר),כללי,"כרטיס בהצדעה נטען (ראשי), כרטיס בהצדעה נטען (ראשי), כרטיס בהצדעה נטען (ראשי)",0,כרטיס בהצדעה נטען (ראשי): הנחת מועדון | כרטיס בהצדעה נטען (ראשי): הנחת מועדון | כרטיס בהצדעה נטען (ראשי): הנחת מועדון,,
פליי הצוק תל אביב (מלון ווסט לשעבר),כללי,"כרטיס בהצדעה נטען (ראשי), כרטיס בהצדעה נטען (ראשי), כרטיס בהצדעה נטען (ראשי)",0,כרטיס בהצדעה נטען (ראשי): הנחת מועדון | כרטיס בהצדעה נטען (ראשי): הנחת מועדון | כרטיס בהצדעה נטען (ראשי): הנחת מועדון,,
מלון ווסט אשדוד,כללי,"כרטיס בהצדעה נטען (ראשי), כרטיס בהצדעה נטען (ראשי), כרטיס בהצדעה נטען (ראשי)",0,כרטיס בהצדעה נטען (ראשי): הנחת מועדון | כרטיס בהצדעה נטען (ראשי): הנחת מועדון | כרטיס בהצדעה נטען (ראשי): הנחת מועדון,,
מלון לייקהאוס כנרת,כללי,"כרטיס בהצדעה נטען (ראשי), כרטיס בהצדעה נטען (ראשי), כרטיס בהצדעה נטען (ראשי)",0,כרטיס בהצדעה נטען (ראשי): הנחת מועדון | כרטיס בהצדעה נטען (ראשי): הנחת מועדון | כרטיס בהצדעה נטען (ראשי): הנחת מועדון,,
מלון פליי אילת,כללי,"כרטיס בהצדעה נטען (ראשי), כרטיס בהצדעה נטען (ראשי), כרטיס בהצדעה נטען (ראשי)",0,כרטיס בהצדעה נטען (ראשי): הנחת מועדון | כרטיס בהצדעה נטען (ראשי): הנחת מועדון | כרטיס בהצדעה נטען (ראשי): הנחת מועדון,,
מלון פליי מידטאון,כללי,"כרטיס בהצדעה נטען (ראשי), כרטיס בהצדעה נטען (ראשי), כרטיס בהצדעה נטען (ראשי)",0,כרטיס בהצדעה נטען (ראשי): הנחת מועדון | כרטיס בהצדעה נטען (ראשי): הנחת מועדון | כרטיס בהצדעה נטען (ראשי): הנחת מועדון,,
כפר הנופש נופי גונן,כפר הנופש נופי גונן,"כרטיס בהצדעה נטען (ראשי), כרטיס בהצדעה נטען (ראשי), כרטיס בהצדעה נטען (ראשי)",0,כרטיס בהצדעה נטען (ראשי): הנחת מועדון | כרטיס בהצדעה נטען (ראשי): הנחת מועדון | כרטיס בהצדעה נטען (ראשי): הנחת מועדון,,
איסלה בראון 42 אילת,כללי,"כרטיס בהצדעה נטען (ראשי), כרטיס בהצדעה נטען (ראשי), כרטיס בהצדעה נטען (ראשי)",0,כרטיס בהצדעה נטען (ראשי): הנחת מועדון | כרטיס בהצדעה נטען (ראשי): הנחת מועדון | כרטיס בהצדעה נטען (ראשי): הנחת מועדון,,
מלון עדן אין,כללי,"כרטיס בהצדעה נטען (ראשי), כרטיס בהצדעה נטען (ראשי), כרטיס בהצדעה נטען (ראשי)",0,כרטיס בהצדעה נטען (ראשי): הנחת מועדון | כרטיס בהצדעה נטען (ראשי): הנחת מועדון | כרטיס בהצדעה נטען (ראשי): הנחת מועדון,,
מלון המלך שלמה טבריה,כללי,"כרטיס בהצדעה נטען (ראשי), כרטיס בהצדעה נטען (ראשי), כרטיס בהצדעה נטען (ראשי)",0,כרטיס בהצדעה נטען (ראשי): הנחת מועדון | כרטיס בהצדעה נטען (ראשי): הנחת מועדון | כרטיס בהצדעה נטען (ראשי): הנחת מועדון,,
מלון אלאיה,כללי,"כרטיס בהצדעה נטען (ראשי), כרטיס בהצדעה נטען (ראשי), כרטיס בהצדעה נטען (ראשי)",0,כרטיס בהצדעה נטען (ראשי): הנחת מועדון | כרטיס בהצדעה נטען (ראשי): הנחת מועדון | כרטיס בהצדעה נטען (ראשי): הנחת מועדון,,
מלון שטרקמן ארנה,כללי,"כרטיס בהצדעה נטען (ראשי), כרטיס בהצדעה נטען (ראשי), כרטיס בהצדעה נטען (ראשי)",0,כרטיס בהצדעה נטען (ראשי): הנחת מועדון | כרטיס בהצדעה נטען (ראשי): הנחת מועדון | כרטיס בהצדעה נטען (ראשי): הנחת מועדון,,
ספא וטיפולים משלימים,כללי,כרטיס בהצדעה נטען (ראשי),0,כרטיס בהצדעה נטען (ראשי): הנחת מועדון,,
חמי געש,ספא ספורטלי,"כרטיס בהצדעה נטען (ראשי), כרטיס בהצדעה נטען (ראשי), כרטיס בהצדעה נטען (ראשי), כרטיס בהצדעה נטען (ראשי)",0,כרטיס בהצדעה נטען (ראשי): הנחת מועדון | כרטיס בהצדעה נטען (ראשי): הנחת מועדון | כרטיס בהצדעה נטען (ראשי): הנחת מועדון | כרטיס בהצדעה נטען (ראשי): הנחת מועדון,,
לאו ספא,כללי,"כרטיס בהצדעה נטען (ראשי), כרטיס בהצדעה נטען (ראשי), כרטיס בהצדעה נטען (ראשי)",0,כרטיס בהצדעה נטען (ראשי): הנחת מועדון | כרטיס בהצדעה נטען (ראשי): הנחת מועדון | כרטיס בהצדעה נטען (ראשי): הנחת מועדון,,
בודי אנד סול,כללי,"כרטיס בהצדעה נטען (ראשי), כרטיס בהצדעה נטען (ראשי), כרטיס בהצדעה נטען (ראשי)",0,כרטיס בהצדעה נטען (ראשי): הנחת מועדון | כרטיס בהצדעה נטען (ראשי): הנחת מועדון | כרטיס בהצדעה נטען (ראשי): הנחת מועדון,,
ספא מלון פרימה ים המלח,כללי,"כרטיס בהצדעה נטען (ראשי), כרטיס בהצדעה נטען (ראשי), כרטיס בהצדעה נטען (ראשי)",0,כרטיס בהצדעה נטען (ראשי): הנחת מועדון | כרטיס בהצדעה נטען (ראשי): הנחת מועדון | כרטיס בהצדעה נטען (ראשי): הנחת מועדון,,
ספא אדמה - מלון בראון ביץ,כללי,"כרטיס בהצדעה נטען (ראשי), כרטיס בהצדעה נטען (ראשי), כרטיס בהצדעה נטען (ראשי)",0,כרטיס בהצדעה נטען (ראשי): הנחת מועדון | כרטיס בהצדעה נטען (ראשי): הנחת מועדון | כרטיס בהצדעה נטען (ראשי): הנחת מועדון,,
ספא אדמה - מלון בובו,כללי,"כרטיס בהצדעה נטען (ראשי), כרטיס בהצדעה נטען (ראשי), כרטיס בהצדעה נטען (ראשי)",0,כרטיס בהצדעה נטען (ראשי): הנחת מועדון | כרטיס בהצדעה נטען (ראשי): הנחת מועדון | כרטיס בהצדעה נטען (ראשי): הנחת מועדון,,
ספא אדמה - מלון דברה,כללי,"כרטיס בהצדעה נטען (ראשי), כרטיס בהצדעה נטען (ראשי), כרטיס בהצדעה נטען (ראשי)",0,כרטיס בהצדעה נטען (ראשי): הנחת מועדון | כרטיס בהצדעה נטען (ראשי): הנחת מועדון | כרטיס בהצדעה נטען (ראשי): הנחת מועדון,,
ספא מלון קומפורט,כללי,"כרטיס בהצדעה נטען (ראשי), כרטיס בהצדעה נטען (ראשי), כרטיס בהצדעה נטען (ראשי)",0,כרטיס בהצדעה נטען (ראשי): הנחת מועדון | כרטיס בהצדעה נטען (ראשי): הנחת מועדון | כרטיס בהצדעה נטען (ראשי): הנחת מועדון,,
ספא מלון גורדוניה זכרון,כללי,"כרטיס בהצדעה נטען (ראשי), כרטיס בהצדעה נטען (ראשי), כרטיס בהצדעה נטען (ראשי)",0,כרטיס בהצדעה נטען (ראשי): הנחת מועדון | כרטיס בהצדעה נטען (ראשי): הנחת מועדון | כרטיס בהצדעה נטען (ראשי): הנחת מועדון,,
ספא קאלמה-דן פנורמה תל אביב,כללי,"כרטיס בהצדעה נטען (ראשי), כרטיס בהצדעה נטען (ראשי), כרטיס בהצדעה נטען (ראשי)",0,כרטיס בהצדעה נטען (ראשי): הנחת מועדון | כרטיס בהצדעה נטען (ראשי): הנחת מועדון | כרטיס בהצדעה נטען (ראשי): הנחת מועדון,,
ספא דניאל- רמדה ירושלים,כללי,"כרטיס בהצדעה נטען (ראשי), כרטיס בהצדעה נטען (ראשי), כרטיס בהצדעה נטען (ראשי)",0,כרטיס בהצדעה נטען (ראשי): הנחת מועדון | כרטיס בהצדעה נטען (ראשי): הנחת מועדון | כרטיס בהצדעה נטען (ראשי): הנחת מועדון,,
ספא 1935 - רשת סורה,כללי,"כרטיס בהצדעה נטען (ראשי), כרטיס בהצדעה נטען (ראשי), כרטיס בהצדעה נטען (ראשי)",0,כרטיס בהצדעה נטען (ראשי): הנחת מועדון | כרטיס בהצדעה נטען (ראשי): הנחת מועדון | כרטיס בהצדעה נטען (ראשי): הנחת מועדון,,
ספא מלון HOTEL RECEPTION - רשת סורה,כללי,"כרטיס בהצדעה נטען (ראשי), כרטיס בהצדעה נטען (ראשי), כרטיס בהצדעה נטען (ראשי)",0,כרטיס בהצדעה נטען (ראשי): הנחת מועדון | כרטיס בהצדעה נטען (ראשי): הנחת מועדון | כרטיס בהצדעה נטען (ראשי): הנחת מועדון,,
ספא מלון רוטשילד 22 - רשת סורה,כללי,"כרטיס בהצדעה נטען (ראשי), כרטיס בהצדעה נטען (ראשי), כרטיס בהצדעה נטען (ראשי)",0,כרטיס בהצדעה נטען (ראשי): הנחת מועדון | כרטיס בהצדעה נטען (ראשי): הנחת מועדון | כרטיס בהצדעה נטען (ראשי): הנחת מועדון,,
ספא מלון דריסקו,כללי,"כרטיס בהצדעה נטען (ראשי), כרטיס בהצדעה נטען (ראשי), כרטיס בהצדעה נטען (ראשי)",0,כרטיס בהצדעה נטען (ראשי): הנחת מועדון | כרטיס בהצדעה נטען (ראשי): הנחת מועדון | כרטיס בהצדעה נטען (ראשי): הנחת מועדון,,
ספא כרמיאלה,כללי,"כרטיס בהצדעה נטען (ראשי), כרטיס בהצדעה נטען (ראשי), כרטיס בהצדעה נטען (ראשי)",0,כרטיס בהצדעה נטען (ראשי): הנחת מועדון | כרטיס בהצדעה נטען (ראשי): הנחת מועדון | כרטיס בהצדעה נטען (ראשי): הנחת מועדון,,
THE GEORGE SPA,כללי,"כרטיס בהצדעה נטען (ראשי), כרטיס בהצדעה נטען (ראשי), כרטיס בהצדעה נטען (ראשי)",0,כרטיס בהצדעה נטען (ראשי): הנחת מועדון | כרטיס בהצדעה נטען (ראשי): הנחת מועדון | כרטיס בהצדעה נטען (ראשי): הנחת מועדון,,
שרנה ספא מלון השרון הרצליה,כללי,"כרטיס בהצדעה נטען (ראשי), כרטיס בהצדעה נטען (ראשי), כרטיס בהצדעה נטען (ראשי)",0,כרטיס בהצדעה נטען (ראשי): הנחת מועדון | כרטיס בהצדעה נטען (ראשי): הנחת מועדון | כרטיס בהצדעה נטען (ראשי): הנחת מועדון,,
זאוס ספא,כללי,"כרטיס בהצדעה נטען (ראשי), כרטיס בהצדעה נטען (ראשי), כרטיס בהצדעה נטען (ראשי)",0,כרטיס בהצדעה נטען (ראשי): הנחת מועדון | כרטיס בהצדעה נטען (ראשי): הנחת מועדון | כרטיס בהצדעה נטען (ראשי): הנחת מועדון,,
ספא אחוזת אסיינדה ביער,כללי,"כרטיס בהצדעה נטען (ראשי), כרטיס בהצדעה נטען (ראשי), כרטיס בהצדעה נטען (ראשי)",0,כרטיס בהצדעה נטען (ראשי): הנחת מועדון | כרטיס בהצדעה נטען (ראשי): הנחת מועדון | כרטיס בהצדעה נטען (ראשי): הנחת מועדון,,
ספא לה ויטה אילת,כללי,"כרטיס בהצדעה נטען (ראשי), כרטיס בהצדעה נטען (ראשי), כרטיס בהצדעה נטען (ראשי)",0,כרטיס בהצדעה נטען (ראשי): הנחת מועדון | כרטיס בהצדעה נטען (ראשי): הנחת מועדון | כרטיס בהצדעה נטען (ראשי): הנחת מועדון,,
ספא פנינה בכרמל,כללי,"כרטיס בהצדעה נטען (ראשי), כרטיס בהצדעה נטען (ראשי), כרטיס בהצדעה נטען (ראשי)",0,כרטיס בהצדעה נטען (ראשי): הנחת מועדון | כרטיס בהצדעה נטען (ראשי): הנחת מועדון | כרטיס בהצדעה נטען (ראשי): הנחת מועדון,,
הולמס פלייס ספא עזריאלי,כללי,"כרטיס בהצדעה נטען (ראשי), כרטיס בהצדעה נטען (ראשי), כרטיס בהצדעה נטען (ראשי)",0,כרטיס בהצדעה נטען (ראשי): הנחת מועדון | כרטיס בהצדעה נטען (ראשי): הנחת מועדון | כרטיס בהצדעה נטען (ראשי): הנחת מועדון,,
ספא ויה מאריס,כללי,"כרטיס בהצדעה נטען (ראשי), כרטיס בהצדעה נטען (ראשי), כרטיס בהצדעה נטען (ראשי)",0,כרטיס בהצדעה נטען (ראשי): הנחת מועדון | כרטיס בהצדעה נטען (ראשי): הנחת מועדון | כרטיס בהצדעה נטען (ראשי): הנחת מועדון,,
פיזיום מרכז לטיפול בכאב,כללי,"כרטיס בהצדעה נטען (ראשי), כרטיס בהצדעה נטען (ראשי), כרטיס בהצדעה נטען (ראשי)",0,כרטיס בהצדעה נטען (ראשי): הנחת מועדון | כרטיס בהצדעה נטען (ראשי): הנחת מועדון | כרטיס בהצדעה נטען (ראשי): הנחת מועדון,,
הולמס פלייס מודיעין,כללי,"כרטיס בהצדעה נטען (ראשי), כרטיס בהצדעה נטען (ראשי), כרטיס בהצדעה נטען (ראשי)",0,כרטיס בהצדעה נטען (ראשי): הנחת מועדון | כרטיס בהצדעה נטען (ראשי): הנחת מועדון | כרטיס בהצדעה נטען (ראשי): הנחת מועדון,,
הולמס פלייס ספא רחובות,כללי,"כרטיס בהצדעה נטען (ראשי), כרטיס בהצדעה נטען (ראשי), כרטיס בהצדעה נטען (ראשי)",0,כרטיס בהצדעה נטען (ראשי): הנחת מועדון | כרטיס בהצדעה נטען (ראשי): הנחת מועדון | כרטיס בהצדעה נטען (ראשי): הנחת מועדון,,
הולמס פלייס ראשון לציון זאוס ספא לשעבר,כללי,"כרטיס בהצדעה נטען (ראשי), כרטיס בהצדעה נטען (ראשי), כרטיס בהצדעה נטען (ראשי)",0,כרטיס בהצדעה נטען (ראשי): הנחת מועדון | כרטיס בהצדעה נטען (ראשי): הנחת מועדון | כרטיס בהצדעה נטען (ראשי): הנחת מועדון,,
הולמס פלייס חיפה גרנד קניון,כללי,"כרטיס בהצדעה נטען (ראשי), כרטיס בהצדעה נטען (ראשי), כרטיס בהצדעה נטען (ראשי)",0,כרטיס בהצדעה נטען (ראשי): הנחת מועדון | כרטיס בהצדעה נטען (ראשי): הנחת מועדון | כרטיס בהצדעה נטען (ראשי): הנחת מועדון,,
הולמס פלייס רעננה,כללי,"כרטיס בהצדעה נטען (ראשי), כרטיס בהצדעה נטען (ראשי), כרטיס בהצדעה נטען (ראשי)",0,כרטיס בהצדעה נטען (ראשי): הנחת מועדון | כרטיס בהצדעה נטען (ראשי): הנחת מועדון | כרטיס בהצדעה נטען (ראשי): הנחת מועדון,,
הולמס פלייס גבעת שמואל,כללי,"כרטיס בהצדעה נטען (ראשי), כרטיס בהצדעה נטען (ראשי), כרטיס בהצדעה נטען (ראשי)",0,כרטיס בהצדעה נטען (ראשי): הנחת מועדון | כרטיס בהצדעה נטען (ראשי): הנחת מועדון | כרטיס בהצדעה נטען (ראשי): הנחת מועדון,,
ספא אלוויט,כללי,"כרטיס בהצדעה נטען (ראשי), כרטיס בהצדעה נטען (ראשי), כרטיס בהצדעה נטען (ראשי)",0,כרטיס בהצדעה נטען (ראשי): הנחת מועדון | כרטיס בהצדעה נטען (ראשי): הנחת מועדון | כרטיס בהצדעה נטען (ראשי): הנחת מועדון,,
ספא בוטיק מלון אירופה,כללי,"כרטיס בהצדעה נטען (ראשי), כרטיס בהצדעה נטען (ראשי), כרטיס בהצדעה נטען (ראשי)",0,כרטיס בהצדעה נטען (ראשי): הנחת מועדון | כרטיס בהצדעה נטען (ראשי): הנחת מועדון | כרטיס בהצדעה נטען (ראשי): הנחת מועדון,,
ספא מלון הרודס ים המלח,כללי,"כרטיס בהצדעה נטען (ראשי), כרטיס בהצדעה נטען (ראשי), כרטיס בהצדעה נטען (ראשי)",0,כרטיס בהצדעה נטען (ראשי): הנחת מועדון | כרטיס בהצדעה נטען (ראשי): הנחת מועדון | כרטיס בהצדעה נטען (ראשי): הנחת מועדון,,
ספא מלון לאונרדו פלאזה ים המלח,כללי,"כרטיס בהצדעה נטען (ראשי), כרטיס בהצדעה נטען (ראשי), כרטיס בהצדעה נטען (ראשי)",0,כרטיס בהצדעה נטען (ראשי): הנחת מועדון | כרטיס בהצדעה נטען (ראשי): הנחת מועדון | כרטיס בהצדעה נטען (ראשי): הנחת מועדון,,
ספא מלון אדמונד,כללי,"כרטיס בהצדעה נטען (ראשי), כרטיס בהצדעה נטען (ראשי), כרטיס בהצדעה נטען (ראשי)",0,כרטיס בהצדעה נטען (ראשי): הנחת מועדון | כרטיס בהצדעה נטען (ראשי): הנחת מועדון | כרטיס בהצדעה נטען (ראשי): הנחת מועדון,,
דרים ספא הרצליה,כללי,"כרטיס בהצדעה נטען (ראשי), כרטיס בהצדעה נטען (ראשי), כרטיס בהצדעה נטען (ראשי)",0,כרטיס בהצדעה נטען (ראשי): הנחת מועדון | כרטיס בהצדעה נטען (ראשי): הנחת מועדון | כרטיס בהצדעה נטען (ראשי): הנחת מועדון,,
טומוקו גפניס ספא,כללי,"כרטיס בהצדעה נטען (ראשי), כרטיס בהצדעה נטען (ראשי), כרטיס בהצדעה נטען (ראשי)",0,כרטיס בהצדעה נטען (ראשי): הנחת מועדון | כרטיס בהצדעה נטען (ראשי): הנחת מועדון | כרטיס בהצדעה נטען (ראשי): הנחת מועדון,,
ספא לגוף ולנשמה,כללי,"כרטיס בהצדעה נטען (ראשי), כרטיס בהצדעה נטען (ראשי), כרטיס בהצדעה נטען (ראשי)",0,כרטיס בהצדעה נטען (ראשי): הנחת מועדון | כרטיס בהצדעה נטען (ראשי): הנחת מועדון | כרטיס בהצדעה נטען (ראשי): הנחת מועדון,,
ספא מלון דן אכדיה הרצליה,כללי,"כרטיס בהצדעה נטען (ראשי), כרטיס בהצדעה נטען (ראשי), כרטיס בהצדעה נטען (ראשי)",0,כרטיס בהצדעה נטען (ראשי): הנחת מועדון | כרטיס בהצדעה נטען (ראשי): הנחת מועדון | כרטיס בהצדעה נטען (ראשי): הנחת מועדון,,
The spa דיוויד אינטרקונטיננטל,כללי,"כרטיס בהצדעה נטען (ראשי), כרטיס בהצדעה נטען (ראשי), כרטיס בהצדעה נטען (ראשי)",0,כרטיס בהצדעה נטען (ראשי): הנחת מועדון | כרטיס בהצדעה נטען (ראשי): הנחת מועדון | כרטיס בהצדעה נטען (ראשי): הנחת מועדון,,
JAH SPA דן קיסריה ריזורט,כללי,"כרטיס בהצדעה נטען (ראשי), כרטיס בהצדעה נטען (ראשי), כרטיס בהצדעה נטען (ראשי)",0,כרטיס בהצדעה נטען (ראשי): הנחת מועדון | כרטיס בהצדעה נטען (ראשי): הנחת מועדון | כרטיס בהצדעה נטען (ראשי): הנחת מועדון,,
ספא בוטיק גלי כינרת,כללי,"כרטיס בהצדעה נטען (ראשי), כרטיס בהצדעה נטען (ראשי), כרטיס בהצדעה נטען (ראשי)",0,כרטיס בהצדעה נטען (ראשי): הנחת מועדון | כרטיס בהצדעה נטען (ראשי): הנחת מועדון | כרטיס בהצדעה נטען (ראשי): הנחת מועדון,,
ווסט אנד ספא מלון ווסט אשדוד,כללי,"כרטיס בהצדעה נטען (ראשי), כרטיס בהצדעה נטען (ראשי), כרטיס בהצדעה נטען (ראשי)",0,כרטיס בהצדעה נטען (ראשי): הנחת מועדון | כרטיס בהצדעה נטען (ראשי): הנחת מועדון | כרטיס בהצדעה נטען (ראשי): הנחת מועדון,,
Okoa spa ספא מלון קמפינסקי,כללי,"כרטיס בהצדעה נטען (ראשי), כרטיס בהצדעה נטען (ראשי), כרטיס בהצדעה נטען (ראשי)",0,כרטיס בהצדעה נטען (ראשי): הנחת מועדון | כרטיס בהצדעה נטען (ראשי): הנחת מועדון | כרטיס בהצדעה נטען (ראשי): הנחת מועדון,,
JAH SPA דן אילת,כללי,"כרטיס בהצדעה נטען (ראשי), כרטיס בהצדעה נטען (ראשי), כרטיס בהצדעה נטען (ראשי)",0,כרטיס בהצדעה נטען (ראשי): הנחת מועדון | כרטיס בהצדעה נטען (ראשי): הנחת מועדון | כרטיס בהצדעה נטען (ראשי): הנחת מועדון,,
JAH SPA מלון דן פנורמה אילת,כללי,"כרטיס בהצדעה נטען (ראשי), כרטיס בהצדעה נטען (ראשי), כרטיס בהצדעה נטען (ראשי)",0,כרטיס בהצדעה נטען (ראשי): הנחת מועדון | כרטיס בהצדעה נטען (ראשי): הנחת מועדון | כרטיס בהצדעה נטען (ראשי): הנחת מועדון,,
ספא מלון גולדן קראון נצרת,כללי,"כרטיס בהצדעה נטען (ראשי), כרטיס בהצדעה נטען (ראשי), כרטיס בהצדעה נטען (ראשי)",0,כרטיס בהצדעה נטען (ראשי): הנחת מועדון | כרטיס בהצדעה נטען (ראשי): הנחת מועדון | כרטיס בהצדעה נטען (ראשי): הנחת מועדון,,
ספא מלון NEA,כללי,"כרטיס בהצדעה נטען (ראשי), כרטיס בהצדעה נטען (ראשי), כרטיס בהצדעה נטען (ראשי)",0,כרטיס בהצדעה נטען (ראשי): הנחת מועדון | כרטיס בהצדעה נטען (ראשי): הנחת מועדון | כרטיס בהצדעה נטען (ראשי): הנחת מועדון,,
share spa דן כרמל חיפה,כללי,"כרטיס בהצדעה נטען (ראשי), כרטיס בהצדעה נטען (ראשי), כרטיס בהצדעה נטען (ראשי)",0,כרטיס בהצדעה נטען (ראשי): הנחת מועדון | כרטיס בהצדעה נטען (ראשי): הנחת מועדון | כרטיס בהצדעה נטען (ראשי): הנחת מועדון,,
share spa יו קורל ביץ אילת,כללי,"כרטיס בהצדעה נטען (ראשי), כרטיס בהצדעה נטען (ראשי), כרטיס בהצדעה נטען (ראשי)",0,כרטיס בהצדעה נטען (ראשי): הנחת מועדון | כרטיס בהצדעה נטען (ראשי): הנחת מועדון | כרטיס בהצדעה נטען (ראשי): הנחת מועדון,,
share Spa הרודס הרצליה,כללי,"כרטיס בהצדעה נטען (ראשי), כרטיס בהצדעה נטען (ראשי), כרטיס בהצדעה נטען (ראשי)",0,כרטיס בהצדעה נטען (ראשי): הנחת מועדון | כרטיס בהצדעה נטען (ראשי): הנחת מועדון | כרטיס בהצדעה נטען (ראשי): הנחת מועדון,,
share spa הרודס תל אביב,כללי,"כרטיס בהצדעה נטען (ראשי), כרטיס בהצדעה נטען (ראשי), כרטיס בהצדעה נטען (ראשי)",0,כרטיס בהצדעה נטען (ראשי): הנחת מועדון | כרטיס בהצדעה נטען (ראשי): הנחת מועדון | כרטיס בהצדעה נטען (ראשי): הנחת מועדון,,
share Spa לאונרדו גורדון ביץ,כללי,"כרטיס בהצדעה נטען (ראשי), כרטיס בהצדעה נטען (ראשי), כרטיס בהצדעה נטען (ראשי)",0,כרטיס בהצדעה נטען (ראשי): הנחת מועדון | כרטיס בהצדעה נטען (ראשי): הנחת מועדון | כרטיס בהצדעה נטען (ראשי): הנחת מועדון,,
share spa ניקס הרצליה,כללי,"כרטיס בהצדעה נטען (ראשי), כרטיס בהצדעה נטען (ראשי), כרטיס בהצדעה נטען (ראשי)",0,כרטיס בהצדעה נטען (ראשי): הנחת מועדון | כרטיס בהצדעה נטען (ראשי): הנחת מועדון | כרטיס בהצדעה נטען (ראשי): הנחת מועדון,,
share spa דיויד ים המלח,כללי,"כרטיס בהצדעה נטען (ראשי), כרטיס בהצדעה נטען (ראשי), כרטיס בהצדעה נטען (ראשי)",0,כרטיס בהצדעה נטען (ראשי): הנחת מועדון | כרטיס בהצדעה נטען (ראשי): הנחת מועדון | כרטיס בהצדעה נטען (ראשי): הנחת מועדון,,
מנטרה ספא,כללי,"כרטיס בהצדעה נטען (ראשי), כרטיס בהצדעה נטען (ראשי), כרטיס בהצדעה נטען (ראשי)",0,כרטיס בהצדעה נטען (ראשי): הנחת מועדון | כרטיס בהצדעה נטען (ראשי): הנחת מועדון | כרטיס בהצדעה נטען (ראשי): הנחת מועדון,,
ארמאנני ספא,כללי,"כרטיס בהצדעה נטען (ראשי), כרטיס בהצדעה נטען (ראשי), כרטיס בהצדעה נטען (ראשי)",0,כרטיס בהצדעה נטען (ראשי): הנחת מועדון | כרטיס בהצדעה נטען (ראשי): הנחת מועדון | כרטיס בהצדעה נטען (ראשי): הנחת מועדון,,
ספא לאונרדו פלאזה ברניקי,כללי,"כרטיס בהצדעה נטען (ראשי), כרטיס בהצדעה נטען (ראשי), כרטיס בהצדעה נטען (ראשי)",0,כרטיס בהצדעה נטען (ראשי): הנחת מועדון | כרטיס בהצדעה נטען (ראשי): הנחת מועדון | כרטיס בהצדעה נטען (ראשי): הנחת מועדון,,
דריה ספא מלון נבל דוד רמדה נתניה,כללי,"כרטיס בהצדעה נטען (ראשי), כרטיס בהצדעה נטען (ראשי), כרטיס בהצדעה נטען (ראשי)",0,כרטיס בהצדעה נטען (ראשי): הנחת מועדון | כרטיס בהצדעה נטען (ראשי): הנחת מועדון | כרטיס בהצדעה נטען (ראשי): הנחת מועדון,,
לאונרדו קלאב טבריה,כללי,"כרטיס בהצדעה נטען (ראשי), כרטיס בהצדעה נטען (ראשי), כרטיס בהצדעה נטען (ראשי)",0,כרטיס בהצדעה נטען (ראשי): הנחת מועדון | כרטיס בהצדעה נטען (ראשי): הנחת מועדון | כרטיס בהצדעה נטען (ראשי): הנחת מועדון,,
ספא מלון לאונרדו פלאזה ירושלים,כללי,"כרטיס בהצדעה נטען (ראשי), כרטיס בהצדעה נטען (ראשי), כרטיס בהצדעה נטען (ראשי)",0,כרטיס בהצדעה נטען (ראשי): הנחת מועדון | כרטיס בהצדעה נטען (ראשי): הנחת מועדון | כרטיס בהצדעה נטען (ראשי): הנחת מועדון,,
ספא מלון ורט לגון נתניה,כללי,"כרטיס בהצדעה נטען (ראשי), כרטיס בהצדעה נטען (ראשי), כרטיס בהצדעה נטען (ראשי)",0,כרטיס בהצדעה נטען (ראשי): הנחת מועדון | כרטיס בהצדעה נטען (ראשי): הנחת מועדון | כרטיס בהצדעה נטען (ראשי): הנחת מועדון,,
ספא מלון הסוויטות איילנד,כללי,"כרטיס בהצדעה נטען (ראשי), כרטיס בהצדעה נטען (ראשי), כרטיס בהצדעה נטען (ראשי)",0,כרטיס בהצדעה נטען (ראשי): הנחת מועדון | כרטיס בהצדעה נטען (ראשי): הנחת מועדון | כרטיס בהצדעה נטען (ראשי): הנחת מועדון,,
ספא מלון חמת קיסר,כללי,"כרטיס בהצדעה נטען (ראשי), כרטיס בהצדעה נטען (ראשי), כרטיס בהצדעה נטען (ראשי)",0,כרטיס בהצדעה נטען (ראשי): הנחת מועדון | כרטיס בהצדעה נטען (ראשי): הנחת מועדון | כרטיס בהצדעה נטען (ראשי): הנחת מועדון,,
דרים איילנד,כללי,"כרטיס בהצדעה נטען (ראשי), כרטיס בהצדעה נטען (ראשי), כרטיס בהצדעה נטען (ראשי)",0,כרטיס בהצדעה נטען (ראשי): הנחת מועדון | כרטיס בהצדעה נטען (ראשי): הנחת מועדון | כרטיס בהצדעה נטען (ראשי): הנחת מועדון,,
ספא האלמנט החמישי- מלון ורט ירושלים,כללי,"כרטיס בהצדעה נטען (ראשי), כרטיס בהצדעה נטען (ראשי), כרטיס בהצדעה נטען (ראשי)",0,כרטיס בהצדעה נטען (ראשי): הנחת מועדון | כרטיס בהצדעה נטען (ראשי): הנחת מועדון | כרטיס בהצדעה נטען (ראשי): הנחת מועדון,,
וילה ויטראז ספא,כללי,"כרטיס בהצדעה נטען (ראשי), כרטיס בהצדעה נטען (ראשי), כרטיס בהצדעה נטען (ראשי)",0,כרטיס בהצדעה נטען (ראשי): הנחת מועדון | כרטיס בהצדעה נטען (ראשי): הנחת מועדון | כרטיס בהצדעה נטען (ראשי): הנחת מועדון,,
ספא מלון רוקסון אורבן,כללי,"כרטיס בהצדעה נטען (ראשי), כרטיס בהצדעה נטען (ראשי), כרטיס בהצדעה נטען (ראשי)",0,כרטיס בהצדעה נטען (ראשי): הנחת מועדון | כרטיס בהצדעה נטען (ראשי): הנחת מועדון | כרטיס בהצדעה נטען (ראשי): הנחת מועדון,,
ספא ויה לומה במלון דן תל אביב,כללי,"כרטיס בהצדעה נטען (ראשי), כרטיס בהצדעה נטען (ראשי), כרטיס בהצדעה נטען (ראשי)",0,כרטיס בהצדעה נטען (ראשי): הנחת מועדון | כרטיס בהצדעה נטען (ראשי): הנחת מועדון | כרטיס בהצדעה נטען (ראשי): הנחת מועדון,,
share spa מלון תמרה,כללי,"כרטיס בהצדעה נטען (ראשי), כרטיס בהצדעה נטען (ראשי), כרטיס בהצדעה נטען (ראשי)",0,כרטיס בהצדעה נטען (ראשי): הנחת מועדון | כרטיס בהצדעה נטען (ראשי): הנחת מועדון | כרטיס בהצדעה נטען (ראשי): הנחת מועדון,,
ספא יסמין מלון רמדה נצרת,כללי,"כרטיס בהצדעה נטען (ראשי), כרטיס בהצדעה נטען (ראשי), כרטיס בהצדעה נטען (ראשי)",0,כרטיס בהצדעה נטען (ראשי): הנחת מועדון | כרטיס בהצדעה נטען (ראשי): הנחת מועדון | כרטיס בהצדעה נטען (ראשי): הנחת מועדון,,
ספא HALO SPA במלון SeaLife,כללי,"כרטיס בהצדעה נטען (ראשי), כרטיס בהצדעה נטען (ראשי), כרטיס בהצדעה נטען (ראשי)",0,כרטיס בהצדעה נטען (ראשי): הנחת מועדון | כרטיס בהצדעה נטען (ראשי): הנחת מועדון | כרטיס בהצדעה נטען (ראשי): הנחת מועדון,,
גליה ברוך קוסמטיקה,כללי,"כרטיס בהצדעה נטען (ראשי), כרטיס בהצדעה נטען (ראשי), כרטיס בהצדעה נטען (ראשי)",0,כרטיס בהצדעה נטען (ראשי): הנחת מועדון | כרטיס בהצדעה נטען (ראשי): הנחת מועדון | כרטיס בהצדעה נטען (ראשי): הנחת מועדון,,
ספא אלאיה,כללי,"כרטיס בהצדעה נטען (ראשי), כרטיס בהצדעה נטען (ראשי), כרטיס בהצדעה נטען (ראשי)",0,כרטיס בהצדעה נטען (ראשי): הנחת מועדון | כרטיס בהצדעה נטען (ראשי): הנחת מועדון | כרטיס בהצדעה נטען (ראשי): הנחת מועדון,,
ספא סינרגיה,כללי,"כרטיס בהצדעה נטען (ראשי), כרטיס בהצדעה נטען (ראשי), כרטיס בהצדעה נטען (ראשי)",0,כרטיס בהצדעה נטען (ראשי): הנחת מועדון | כרטיס בהצדעה נטען (ראשי): הנחת מועדון | כרטיס בהצדעה נטען (ראשי): הנחת מועדון,,
ימה ספא YAMA SPA,כללי,"כרטיס בהצדעה נטען (ראשי), כרטיס בהצדעה נטען (ראשי), כרטיס בהצדעה נטען (ראשי)",0,כרטיס בהצדעה נטען (ראשי): הנחת מועדון | כרטיס בהצדעה נטען (ראשי): הנחת מועדון | כרטיס בהצדעה נטען (ראשי): הנחת מועדון,,
קאלמה ספא,כללי,"כרטיס בהצדעה נטען (ראשי), כרטיס בהצדעה נטען (ראשי), כרטיס בהצדעה נטען (ראשי)",0,כרטיס בהצדעה נטען (ראשי): הנחת מועדון | כרטיס בהצדעה נטען (ראשי): הנחת מועדון | כרטיס בהצדעה נטען (ראשי): הנחת מועדון,,
הבריאות שבפינוק,כללי,"כרטיס בהצדעה נטען (ראשי), כרטיס בהצדעה נטען (ראשי), כרטיס בהצדעה נטען (ראשי)",0,כרטיס בהצדעה נטען (ראשי): הנחת מועדון | כרטיס בהצדעה נטען (ראשי): הנחת מועדון | כרטיס בהצדעה נטען (ראשי): הנחת מועדון,,
ספא מלון ברדיצ'בסקי - הוטל בי,כללי,"כרטיס בהצדעה נטען (ראשי), כרטיס בהצדעה נטען (ראשי), כרטיס בהצדעה נטען (ראשי)",0,כרטיס בהצדעה נטען (ראשי): הנחת מועדון | כרטיס בהצדעה נטען (ראשי): הנחת מועדון | כרטיס בהצדעה נטען (ראשי): הנחת מועדון,,
ספא מלון בל,כללי,"כרטיס בהצדעה נטען (ראשי), כרטיס בהצדעה נטען (ראשי), כרטיס בהצדעה נטען (ראשי)",0,כרטיס בהצדעה נטען (ראשי): הנחת מועדון | כרטיס בהצדעה נטען (ראשי): הנחת מועדון | כרטיס בהצדעה נטען (ראשי): הנחת מועדון,,
ספא הוריזון,כללי,"כרטיס בהצדעה נטען (ראשי), כרטיס בהצדעה נטען (ראשי), כרטיס בהצדעה נטען (ראשי)",0,כרטיס בהצדעה נטען (ראשי): הנחת מועדון | כרטיס בהצדעה נטען (ראשי): הנחת מועדון | כרטיס בהצדעה נטען (ראשי): הנחת מועדון,,
shoshka cosmetics,כללי,"כרטיס בהצדעה נטען (ראשי), כרטיס בהצדעה נטען (ראשי), כרטיס בהצדעה נטען (ראשי)",0,כרטיס בהצדעה נטען (ראשי): הנחת מועדון | כרטיס בהצדעה נטען (ראשי): הנחת מועדון | כרטיס בהצדעה נטען (ראשי): הנחת מועדון,,
ספא סוליי - מלון Play אילת,כללי,"כרטיס בהצדעה נטען (ראשי), כרטיס בהצדעה נטען (ראשי), כרטיס בהצדעה נטען (ראשי)",0,כרטיס בהצדעה נטען (ראשי): הנחת מועדון | כרטיס בהצדעה נטען (ראשי): הנחת מועדון | כרטיס בהצדעה נטען (ראשי): הנחת מועדון,,
אייס גורו,כללי,"כרטיס בהצדעה נטען (ראשי), כרטיס בהצדעה נטען (ראשי), כרטיס בהצדעה נטען (ראשי)",0,כרטיס בהצדעה נטען (ראשי): הנחת מועדון | כרטיס בהצדעה נטען (ראשי): הנחת מועדון | כרטיס בהצדעה נטען (ראשי): הנחת מועדון,,
ספא ספורטלי,ספא ספורטלי,"כרטיס בהצדעה נטען (ראשי), כרטיס בהצדעה נטען (ראשי), כרטיס בהצדעה נטען (ראשי)",0,כרטיס בהצדעה נטען (ראשי): הנחת מועדון | כרטיס בהצדעה נטען (ראשי): הנחת מועדון | כרטיס בהצדעה נטען (ראשי): הנחת מועדון,,
אלמונד ספא- מלון אלמונד,כללי,"כרטיס בהצדעה נטען (ראשי), כרטיס בהצדעה נטען (ראשי), כרטיס בהצדעה נטען (ראשי)",0,כרטיס בהצדעה נטען (ראשי): הנחת מועדון | כרטיס בהצדעה נטען (ראשי): הנחת מועדון | כרטיס בהצדעה נטען (ראשי): הנחת מועדון,,
ביוטי טיים,כללי,"כרטיס בהצדעה נטען (ראשי), כרטיס בהצדעה נטען (ראשי), כרטיס בהצדעה נטען (ראשי)",0,כרטיס בהצדעה נטען (ראשי): הנחת מועדון | כרטיס בהצדעה נטען (ראשי): הנחת מועדון | כרטיס בהצדעה נטען (ראשי): הנחת מועדון,,
ספא מלון יו בוטיק כנרת,כללי,"כרטיס בהצדעה נטען (ראשי), כרטיס בהצדעה נטען (ראשי), כרטיס בהצדעה נטען (ראשי)",0,כרטיס בהצדעה נטען (ראשי): הנחת מועדון | כרטיס בהצדעה נטען (ראשי): הנחת מועדון | כרטיס בהצדעה נטען (ראשי): הנחת מועדון,,
ספא מלון מאייר האוס תל אביב,כללי,"כרטיס בהצדעה נטען (ראשי), כרטיס בהצדעה נטען (ראשי), כרטיס בהצדעה נטען (ראשי)",0,כרטיס בהצדעה נטען (ראשי): הנחת מועדון | כרטיס בהצדעה נטען (ראשי): הנחת מועדון | כרטיס בהצדעה נטען (ראשי): הנחת מועדון,,
ספא מלון הרודס ויטאליס אילת,כללי,"כרטיס בהצדעה נטען (ראשי), כרטיס בהצדעה נטען (ראשי), כרטיס בהצדעה נטען (ראשי)",0,כרטיס בהצדעה נטען (ראשי): הנחת מועדון | כרטיס בהצדעה נטען (ראשי): הנחת מועדון | כרטיס בהצדעה נטען (ראשי): הנחת מועדון,,
דריה ספא- מלון נבל דוד גליל ריזורט,כללי,"כרטיס בהצדעה נטען (ראשי), כרטיס בהצדעה נטען (ראשי), כרטיס בהצדעה נטען (ראשי)",0,כרטיס בהצדעה נטען (ראשי): הנחת מועדון | כרטיס בהצדעה נטען (ראשי): הנחת מועדון | כרטיס בהצדעה נטען (ראשי): הנחת מועדון,,
ספא מלון בוטניקה,כללי,"כרטיס בהצדעה נטען (ראשי), כרטיס בהצדעה נטען (ראשי), כרטיס בהצדעה נטען (ראשי)",0,כרטיס בהצדעה נטען (ראשי): הנחת מועדון | כרטיס בהצדעה נטען (ראשי): הנחת מועדון | כרטיס בהצדעה נטען (ראשי): הנחת מועדון,,
דלל קוסמטיקס,כללי,"כרטיס בהצדעה נטען (ראשי), כרטיס בהצדעה נטען (ראשי), כרטיס בהצדעה נטען (ראשי)",0,כרטיס בהצדעה נטען (ראשי): הנחת מועדון | כרטיס בהצדעה נטען (ראשי): הנחת מועדון | כרטיס בהצדעה נטען (ראשי): הנחת מועדון,,
אנג'ל ספא מלון קיסר,כללי,"כרטיס בהצדעה נטען (ראשי), כרטיס בהצדעה נטען (ראשי), כרטיס בהצדעה נטען (ראשי)",0,כרטיס בהצדעה נטען (ראשי): הנחת מועדון | כרטיס בהצדעה נטען (ראשי): הנחת מועדון | כרטיס בהצדעה נטען (ראשי): הנחת מועדון,,
אנג'ל ספא מלון אמריקנה,כללי,"כרטיס בהצדעה נטען (ראשי), כרטיס בהצדעה נטען (ראשי), כרטיס בהצדעה נטען (ראשי)",0,כרטיס בהצדעה נטען (ראשי): הנחת מועדון | כרטיס בהצדעה נטען (ראשי): הנחת מועדון | כרטיס בהצדעה נטען (ראשי): הנחת מועדון,,
Just Be-גאסט בי סדנאות נשימה ואמבטיית קרח,כללי,"כרטיס בהצדעה נטען (ראשי), כרטיס בהצדעה נטען (ראשי), כרטיס בהצדעה נטען (ראשי)",0,כרטיס בהצדעה נטען (ראשי): הנחת מועדון | כרטיס בהצדעה נטען (ראשי): הנחת מועדון | כרטיס בהצדעה נטען (ראשי): הנחת מועדון,,
טיליה קליניק צפון,כללי,"כרטיס בהצדעה נטען (ראשי), כרטיס בהצדעה נטען (ראשי), כרטיס בהצדעה נטען (ראשי)",0,כרטיס בהצדעה נטען (ראשי): הנחת מועדון | כרטיס בהצדעה נטען (ראשי): הנחת מועדון | כרטיס בהצדעה נטען (ראשי): הנחת מועדון,,
DREAM PILATES- דרים פילאטיס לא פעיל,כללי,"כרטיס בהצדעה נטען (ראשי), כרטיס בהצדעה נטען (ראשי), כרטיס בהצדעה נטען (ראשי)",0,כרטיס בהצדעה נטען (ראשי): הנחת מועדון | כרטיס בהצדעה נטען (ראשי): הנחת מועדון | כרטיס בהצדעה נטען (ראשי): הנחת מועדון,,
Dream Well - דרים וול,כללי,"כרטיס בהצדעה נטען (ראשי), כרטיס בהצדעה נטען (ראשי), כרטיס בהצדעה נטען (ראשי)",0,כרטיס בהצדעה נטען (ראשי): הנחת מועדון | כרטיס בהצדעה נטען (ראשי): הנחת מועדון | כרטיס בהצדעה נטען (ראשי): הנחת מועדון,,
מלון לאונרדו נגב באר שבע,כללי,"כרטיס בהצדעה נטען (ראשי), כרטיס בהצדעה נטען (ראשי), כרטיס בהצדעה נטען (ראשי)",0,כרטיס בהצדעה נטען (ראשי): הנחת מועדון | כרטיס בהצדעה נטען (ראשי): הנחת מועדון | כרטיס בהצדעה נטען (ראשי): הנחת מועדון,,
ספא שייה מלון ליר סנס,כללי,"כרטיס בהצדעה נטען (ראשי), כרטיס בהצדעה נטען (ראשי), כרטיס בהצדעה נטען (ראשי)",0,כרטיס בהצדעה נטען (ראשי): הנחת מועדון | כרטיס בהצדעה נטען (ראשי): הנחת מועדון | כרטיס בהצדעה נטען (ראשי): הנחת מועדון,,
ספא קלרינס,כללי,"כרטיס בהצדעה נטען (ראשי), כרטיס בהצדעה נטען (ראשי), כרטיס בהצדעה נטען (ראשי)",0,כרטיס בהצדעה נטען (ראשי): הנחת מועדון | כרטיס בהצדעה נטען (ראשי): הנחת מועדון | כרטיס בהצדעה נטען (ראשי): הנחת מועדון,,
ספא חוף הכרמל,כללי,"כרטיס בהצדעה נטען (ראשי), כרטיס בהצדעה נטען (ראשי), כרטיס בהצדעה נטען (ראשי)",0,כרטיס בהצדעה נטען (ראשי): הנחת מועדון | כרטיס בהצדעה נטען (ראשי): הנחת מועדון | כרטיס בהצדעה נטען (ראשי): הנחת מועדון,,
ספא לוטוס,כללי,"כרטיס בהצדעה נטען (ראשי), כרטיס בהצדעה נטען (ראשי), כרטיס בהצדעה נטען (ראשי)",0,כרטיס בהצדעה נטען (ראשי): הנחת מועדון | כרטיס בהצדעה נטען (ראשי): הנחת מועדון | כרטיס בהצדעה נטען (ראשי): הנחת מועדון,,
ספא מיראבל פלאזה,כללי,"כרטיס בהצדעה נטען (ראשי), כרטיס בהצדעה נטען (ראשי), כרטיס בהצדעה נטען (ראשי)",0,כרטיס בהצדעה נטען (ראשי): הנחת מועדון | כרטיס בהצדעה נטען (ראשי): הנחת מועדון | כרטיס בהצדעה נטען (ראשי): הנחת מועדון,,
מדיקל ספא סנטר,כללי,"כרטיס בהצדעה נטען (ראשי), כרטיס בהצדעה נטען (ראשי), כרטיס בהצדעה נטען (ראשי)",0,כרטיס בהצדעה נטען (ראשי): הנחת מועדון | כרטיס בהצדעה נטען (ראשי): הנחת מועדון | כרטיס בהצדעה נטען (ראשי): הנחת מועדון,,
וי קי קליניק,כללי,"כרטיס בהצדעה נטען (ראשי), כרטיס בהצדעה נטען (ראשי), כרטיס בהצדעה נטען (ראשי)",0,כרטיס בהצדעה נטען (ראשי): הנחת מועדון | כרטיס בהצדעה נטען (ראשי): הנחת מועדון | כרטיס בהצדעה נטען (ראשי): הנחת מועדון,,
ספא קאלמה- פולי אורבן תל אביב,כללי,"כרטיס בהצדעה נטען (ראשי), כרטיס בהצדעה נטען (ראשי), כרטיס בהצדעה נטען (ראשי)",0,כרטיס בהצדעה נטען (ראשי): הנחת מועדון | כרטיס בהצדעה נטען (ראשי): הנחת מועדון | כרטיס בהצדעה נטען (ראשי): הנחת מועדון,,
spa basilia,כללי,"כרטיס בהצדעה נטען (ראשי), כרטיס בהצדעה נטען (ראשי), כרטיס בהצדעה נטען (ראשי)",0,כרטיס בהצדעה נטען (ראשי): הנחת מועדון | כרטיס בהצדעה נטען (ראשי): הנחת מועדון | כרטיס בהצדעה נטען (ראשי): הנחת מועדון,,
ספא דניאל גבעת רם,כללי,"כרטיס בהצדעה נטען (ראשי), כרטיס בהצדעה נטען (ראשי), כרטיס בהצדעה נטען (ראשי)",0,כרטיס בהצדעה נטען (ראשי): הנחת מועדון | כרטיס בהצדעה נטען (ראשי): הנחת מועדון | כרטיס בהצדעה נטען (ראשי): הנחת מועדון,,
רוית אסף,כללי,"כרטיס בהצדעה נטען (ראשי), כרטיס בהצדעה נטען (ראשי), כרטיס בהצדעה נטען (ראשי)",0,כרטיס בהצדעה נטען (ראשי): הנחת מועדון | כרטיס בהצדעה נטען (ראשי): הנחת מועדון | כרטיס בהצדעה נטען (ראשי): הנחת מועדון,,
רשת שר ספא מלון דן ירושלים,כללי,"כרטיס בהצדעה נטען (ראשי), כרטיס בהצדעה נטען (ראשי), כרטיס בהצדעה נטען (ראשי)",0,כרטיס בהצדעה נטען (ראשי): הנחת מועדון | כרטיס בהצדעה נטען (ראשי): הנחת מועדון | כרטיס בהצדעה נטען (ראשי): הנחת מועדון,,
ספא מלון אחוזת אקוודוט,כללי,"כרטיס בהצדעה נטען (ראשי), כרטיס בהצדעה נטען (ראשי), כרטיס בהצדעה נטען (ראשי)",0,כרטיס בהצדעה נטען (ראשי): הנחת מועדון | כרטיס בהצדעה נטען (ראשי): הנחת מועדון | כרטיס בהצדעה נטען (ראשי): הנחת מועדון,,
ספא בוטיק פרינס,כללי,"כרטיס בהצדעה נטען (ראשי), כרטיס בהצדעה נטען (ראשי), כרטיס בהצדעה נטען (ראשי)",0,כרטיס בהצדעה נטען (ראשי): הנחת מועדון | כרטיס בהצדעה נטען (ראשי): הנחת מועדון | כרטיס בהצדעה נטען (ראשי): הנחת מועדון,,
ספא מלון כנען,כללי,"כרטיס בהצדעה נטען (ראשי), כרטיס בהצדעה נטען (ראשי), כרטיס בהצדעה נטען (ראשי)",0,כרטיס בהצדעה נטען (ראשי): הנחת מועדון | כרטיס בהצדעה נטען (ראשי): הנחת מועדון | כרטיס בהצדעה נטען (ראשי): הנחת מועדון,,
ספא מלון אינק,כללי,"כרטיס בהצדעה נטען (ראשי), כרטיס בהצדעה נטען (ראשי), כרטיס בהצדעה נטען (ראשי)",0,כרטיס בהצדעה נטען (ראשי): הנחת מועדון | כרטיס בהצדעה נטען (ראשי): הנחת מועדון | כרטיס בהצדעה נטען (ראשי): הנחת מועדון,,
ספא מלון פיורי 41 - רשת סורה,כללי,"כרטיס בהצדעה נטען (ראשי), כרטיס בהצדעה נטען (ראשי), כרטיס בהצדעה נטען (ראשי)",0,כרטיס בהצדעה נטען (ראשי): הנחת מועדון | כרטיס בהצדעה נטען (ראשי): הנחת מועדון | כרטיס בהצדעה נטען (ראשי): הנחת מועדון,,
share spa - ספא מלון רוקסון אילת,כללי,"כרטיס בהצדעה נטען (ראשי), כרטיס בהצדעה נטען (ראשי), כרטיס בהצדעה נטען (ראשי)",0,כרטיס בהצדעה נטען (ראשי): הנחת מועדון | כרטיס בהצדעה נטען (ראשי): הנחת מועדון | כרטיס בהצדעה נטען (ראשי): הנחת מועדון,,
ספא מלון סאם אנד בלונדי,כללי,"כרטיס בהצדעה נטען (ראשי), כרטיס בהצדעה נטען (ראשי), כרטיס בהצדעה נטען (ראשי)",0,כרטיס בהצדעה נטען (ראשי): הנחת מועדון | כרטיס בהצדעה נטען (ראשי): הנחת מועדון | כרטיס בהצדעה נטען (ראשי): הנחת מועדון,,
ספא מלון גייקוב- נווה אטיב,כללי,"כרטיס בהצדעה נטען (ראשי), כרטיס בהצדעה נטען (ראשי), כרטיס בהצדעה נטען (ראשי)",0,כרטיס בהצדעה נטען (ראשי): הנחת מועדון | כרטיס בהצדעה נטען (ראשי): הנחת מועדון | כרטיס בהצדעה נטען (ראשי): הנחת מועדון,,
ספא מלון אדם בוטיק רשת אדם,כללי,"כרטיס בהצדעה נטען (ראשי), כרטיס בהצדעה נטען (ראשי), כרטיס בהצדעה נטען (ראשי)",0,כרטיס בהצדעה נטען (ראשי): הנחת מועדון | כרטיס בהצדעה נטען (ראשי): הנחת מועדון | כרטיס בהצדעה נטען (ראשי): הנחת מועדון,,
ספא ויליג חמת גדר,כללי,"כרטיס בהצדעה נטען (ראשי), כרטיס בהצדעה נטען (ראשי), כרטיס בהצדעה נטען (ראשי)",0,כרטיס בהצדעה נטען (ראשי): הנחת מועדון | כרטיס בהצדעה נטען (ראשי): הנחת מועדון | כרטיס בהצדעה נטען (ראשי): הנחת מועדון,,
ספא חושן - חוף התמרים,כללי,"כרטיס בהצדעה נטען (ראשי), כרטיס בהצדעה נטען (ראשי), כרטיס בהצדעה נטען (ראשי)",0,כרטיס בהצדעה נטען (ראשי): הנחת מועדון | כרטיס בהצדעה נטען (ראשי): הנחת מועדון | כרטיס בהצדעה נטען (ראשי): הנחת מועדון,,
ספא מלון סינרג'י,כללי,"כרטיס בהצדעה נטען (ראשי), כרטיס בהצדעה נטען (ראשי), כרטיס בהצדעה נטען (ראשי)",0,כרטיס בהצדעה נטען (ראשי): הנחת מועדון | כרטיס בהצדעה נטען (ראשי): הנחת מועדון | כרטיס בהצדעה נטען (ראשי): הנחת מועדון,,
ספא מטה במדבר,כללי,"כרטיס בהצדעה נטען (ראשי), כרטיס בהצדעה נטען (ראשי), כרטיס בהצדעה נטען (ראשי)",0,כרטיס בהצדעה נטען (ראשי): הנחת מועדון | כרטיס בהצדעה נטען (ראשי): הנחת מועדון | כרטיס בהצדעה נטען (ראשי): הנחת מועדון,,
ספא בוטיק איסלה בראון 42,כללי,"כרטיס בהצדעה נטען (ראשי), כרטיס בהצדעה נטען (ראשי), כרטיס בהצדעה נטען (ראשי)",0,כרטיס בהצדעה נטען (ראשי): הנחת מועדון | כרטיס בהצדעה נטען (ראשי): הנחת מועדון | כרטיס בהצדעה נטען (ראשי): הנחת מועדון,,
ספא מלון טיביריא,כללי,"כרטיס בהצדעה נטען (ראשי), כרטיס בהצדעה נטען (ראשי), כרטיס בהצדעה נטען (ראשי)",0,כרטיס בהצדעה נטען (ראשי): הנחת מועדון | כרטיס בהצדעה נטען (ראשי): הנחת מועדון | כרטיס בהצדעה נטען (ראשי): הנחת מועדון,,
טיליה מרכז רפואה משלימה ופיזיותרפיה,כללי,"כרטיס בהצדעה נטען (ראשי), כרטיס בהצדעה נטען (ראשי), כרטיס בהצדעה נטען (ראשי)",0,כרטיס בהצדעה נטען (ראשי): הנחת מועדון | כרטיס בהצדעה נטען (ראשי): הנחת מועדון | כרטיס בהצדעה נטען (ראשי): הנחת מועדון,,
ספא שטרקמן ארנה,כללי,"כרטיס בהצדעה נטען (ראשי), כרטיס בהצדעה נטען (ראשי), כרטיס בהצדעה נטען (ראשי)",0,כרטיס בהצדעה נטען (ראשי): הנחת מועדון | כרטיס בהצדעה נטען (ראשי): הנחת מועדון | כרטיס בהצדעה נטען (ראשי): הנחת מועדון,,
יקבים וקולינריה,כללי,כרטיס בהצדעה נטען (ראשי),0,כרטיס בהצדעה נטען (ראשי): הנחת מועדון,,
יקב הבוטיק שלי,כללי,"כרטיס בהצדעה נטען (ראשי), כרטיס בהצדעה נטען (ראשי), כרטיס בהצדעה נטען (ראשי), כרטיס בהצדעה נטען (ראשי)",0,כרטיס בהצדעה נטען (ראשי): הנחת מועדון | כרטיס בהצדעה נטען (ראשי): הנחת מועדון | כרטיס בהצדעה נטען (ראשי): הנחת מועדון | כרטיס בהצדעה נטען (ראשי): הנחת מועדון,,
יקבי בנימינה,כללי,"כרטיס בהצדעה נטען (ראשי), כרטיס בהצדעה נטען (ראשי), כרטיס בהצדעה נטען (ראשי)",0,כרטיס בהצדעה נטען (ראשי): הנחת מועדון | כרטיס בהצדעה נטען (ראשי): הנחת מועדון | כרטיס בהצדעה נטען (ראשי): הנחת מועדון,,
יקב קטרון,כללי,"כרטיס בהצדעה נטען (ראשי), כרטיס בהצדעה נטען (ראשי), כרטיס בהצדעה נטען (ראשי)",0,כרטיס בהצדעה נטען (ראשי): הנחת מועדון | כרטיס בהצדעה נטען (ראשי): הנחת מועדון | כרטיס בהצדעה נטען (ראשי): הנחת מועדון,,
מזקקת גולני,כללי,"כרטיס בהצדעה נטען (ראשי), כרטיס בהצדעה נטען (ראשי), כרטיס בהצדעה נטען (ראשי)",0,כרטיס בהצדעה נטען (ראשי): הנחת מועדון | כרטיס בהצדעה נטען (ראשי): הנחת מועדון | כרטיס בהצדעה נטען (ראשי): הנחת מועדון,,
יקבי שילה,כללי,"כרטיס בהצדעה נטען (ראשי), כרטיס בהצדעה נטען (ראשי), כרטיס בהצדעה נטען (ראשי)",0,כרטיס בהצדעה נטען (ראשי): הנחת מועדון | כרטיס בהצדעה נטען (ראשי): הנחת מועדון | כרטיס בהצדעה נטען (ראשי): הנחת מועדון,,
איש הענבים,כללי,"כרטיס בהצדעה נטען (ראשי), כרטיס בהצדעה נטען (ראשי), כרטיס בהצדעה נטען (ראשי)",0,כרטיס בהצדעה נטען (ראשי): הנחת מועדון | כרטיס בהצדעה נטען (ראשי): הנחת מועדון | כרטיס בהצדעה נטען (ראשי): הנחת מועדון,,
מבשלים חוויה,כללי,"כרטיס בהצדעה נטען (ראשי), כרטיס בהצדעה נטען (ראשי), כרטיס בהצדעה נטען (ראשי)",0,כרטיס בהצדעה נטען (ראשי): הנחת מועדון | כרטיס בהצדעה נטען (ראשי): הנחת מועדון | כרטיס בהצדעה נטען (ראשי): הנחת מועדון,,
יקב גוש עציון,כללי,"כרטיס בהצדעה נטען (ראשי), כרטיס בהצדעה נטען (ראשי), כרטיס בהצדעה נטען (ראשי)",0,כרטיס בהצדעה נטען (ראשי): הנחת מועדון | כרטיס בהצדעה נטען (ראשי): הנחת מועדון | כרטיס בהצדעה נטען (ראשי): הנחת מועדון,,
יקב דלתון,כללי,"כרטיס בהצדעה נטען (ראשי), כרטיס בהצדעה נטען (ראשי), כרטיס בהצדעה נטען (ראשי)",0,כרטיס בהצדעה נטען (ראשי): הנחת מועדון | כרטיס בהצדעה נטען (ראשי): הנחת מועדון | כרטיס בהצדעה נטען (ראשי): הנחת מועדון,,
יקב טוליפ -קרית טבעון,כללי,"כרטיס בהצדעה נטען (ראשי), כרטיס בהצדעה נטען (ראשי), כרטיס בהצדעה נטען (ראשי)",0,כרטיס בהצדעה נטען (ראשי): הנחת מועדון | כרטיס בהצדעה נטען (ראשי): הנחת מועדון | כרטיס בהצדעה נטען (ראשי): הנחת מועדון,,
יקב ברקן,כללי,"כרטיס בהצדעה נטען (ראשי), כרטיס בהצדעה נטען (ראשי), כרטיס בהצדעה נטען (ראשי)",0,כרטיס בהצדעה נטען (ראשי): הנחת מועדון | כרטיס בהצדעה נטען (ראשי): הנחת מועדון | כרטיס בהצדעה נטען (ראשי): הנחת מועדון,,
יקב צובה,כללי,"כרטיס בהצדעה נטען (ראשי), כרטיס בהצדעה נטען (ראשי), כרטיס בהצדעה נטען (ראשי)",0,כרטיס בהצדעה נטען (ראשי): הנחת מועדון | כרטיס בהצדעה נטען (ראשי): הנחת מועדון | כרטיס בהצדעה נטען (ראשי): הנחת מועדון,,
בירה אלכסנדר,כללי,"כרטיס בהצדעה נטען (ראשי), כרטיס בהצדעה נטען (ראשי), כרטיס בהצדעה נטען (ראשי)",0,כרטיס בהצדעה נטען (ראשי): הנחת מועדון | כרטיס בהצדעה נטען (ראשי): הנחת מועדון | כרטיס בהצדעה נטען (ראשי): הנחת מועדון,,
יקב הר אודם,כללי,"כרטיס בהצדעה נטען (ראשי), כרטיס בהצדעה נטען (ראשי), כרטיס בהצדעה נטען (ראשי)",0,כרטיס בהצדעה נטען (ראשי): הנחת מועדון | כרטיס בהצדעה נטען (ראשי): הנחת מועדון | כרטיס בהצדעה נטען (ראשי): הנחת מועדון,,
בוסתן עברי יקב אלבר,כללי,"כרטיס בהצדעה נטען (ראשי), כרטיס בהצדעה נטען (ראשי), כרטיס בהצדעה נטען (ראשי)",0,כרטיס בהצדעה נטען (ראשי): הנחת מועדון | כרטיס בהצדעה נטען (ראשי): הנחת מועדון | כרטיס בהצדעה נטען (ראשי): הנחת מועדון,,
יקב יה YA,כללי,"כרטיס בהצדעה נטען (ראשי), כרטיס בהצדעה נטען (ראשי), כרטיס בהצדעה נטען (ראשי)",0,כרטיס בהצדעה נטען (ראשי): הנחת מועדון | כרטיס בהצדעה נטען (ראשי): הנחת מועדון | כרטיס בהצדעה נטען (ראשי): הנחת מועדון,,
Mixta cocktails,כללי,"כרטיס בהצדעה נטען (ראשי), כרטיס בהצדעה נטען (ראשי), כרטיס בהצדעה נטען (ראשי)",0,כרטיס בהצדעה נטען (ראשי): הנחת מועדון | כרטיס בהצדעה נטען (ראשי): הנחת מועדון | כרטיס בהצדעה נטען (ראשי): הנחת מועדון,,
בועה סדנאות בירה,כללי,"כרטיס בהצדעה נטען (ראשי), כרטיס בהצדעה נטען (ראשי), כרטיס בהצדעה נטען (ראשי)",0,כרטיס בהצדעה נטען (ראשי): הנחת מועדון | כרטיס בהצדעה נטען (ראשי): הנחת מועדון | כרטיס בהצדעה נטען (ראשי): הנחת מועדון,,
Razberry מרכז קולינרי,כללי,"כרטיס בהצדעה נטען (ראשי), כרטיס בהצדעה נטען (ראשי), כרטיס בהצדעה נטען (ראשי)",0,כרטיס בהצדעה נטען (ראשי): הנחת מועדון | כרטיס בהצדעה נטען (ראשי): הנחת מועדון | כרטיס בהצדעה נטען (ראשי): הנחת מועדון,,
מזקקת טינקרס - Thinkers,כללי,"כרטיס בהצדעה נטען (ראשי), כרטיס בהצדעה נטען (ראשי), כרטיס בהצדעה נטען (ראשי)",0,כרטיס בהצדעה נטען (ראשי): הנחת מועדון | כרטיס בהצדעה נטען (ראשי): הנחת מועדון | כרטיס בהצדעה נטען (ראשי): הנחת מועדון,,
אבן רם ליקרים,כללי,"כרטיס בהצדעה נטען (ראשי), כרטיס בהצדעה נטען (ראשי), כרטיס בהצדעה נטען (ראשי)",0,כרטיס בהצדעה נטען (ראשי): הנחת מועדון | כרטיס בהצדעה נטען (ראשי): הנחת מועדון | כרטיס בהצדעה נטען (ראשי): הנחת מועדון,,
מועדון היין אונליין,כללי,"כרטיס בהצדעה נטען (ראשי), כרטיס בהצדעה נטען (ראשי), כרטיס בהצדעה נטען (ראשי)",0,כרטיס בהצדעה נטען (ראשי): הנחת מועדון | כרטיס בהצדעה נטען (ראשי): הנחת מועדון | כרטיס בהצדעה נטען (ראשי): הנחת מועדון,,
ביר באזר אונליין,כללי,"כרטיס בהצדעה נטען (ראשי), כרטיס בהצדעה נטען (ראשי), כרטיס בהצדעה נטען (ראשי)",0,כרטיס בהצדעה נטען (ראשי): הנחת מועדון | כרטיס בהצדעה נטען (ראשי): הנחת מועדון | כרטיס בהצדעה נטען (ראשי): הנחת מועדון,,
בטן מלאה,כללי,"כרטיס בהצדעה נטען (ראשי), כרטיס בהצדעה נטען (ראשי), כרטיס בהצדעה נטען (ראשי)",0,כרטיס בהצדעה נטען (ראשי): הנחת מועדון | כרטיס בהצדעה נטען (ראשי): הנחת מועדון | כרטיס בהצדעה נטען (ראשי): הנחת מועדון,,
גבינות ברמות,כללי,"כרטיס בהצדעה נטען (ראשי), כרטיס בהצדעה נטען (ראשי), כרטיס בהצדעה נטען (ראשי)",0,כרטיס בהצדעה נטען (ראשי): הנחת מועדון | כרטיס בהצדעה נטען (ראשי): הנחת מועדון | כרטיס בהצדעה נטען (ראשי): הנחת מועדון,,
יקב שדות,כללי,"כרטיס בהצדעה נטען (ראשי), כרטיס בהצדעה נטען (ראשי), כרטיס בהצדעה נטען (ראשי)",0,כרטיס בהצדעה נטען (ראשי): הנחת מועדון | כרטיס בהצדעה נטען (ראשי): הנחת מועדון | כרטיס בהצדעה נטען (ראשי): הנחת מועדון,,
שוקה סיורים קולינריים,כללי,"כרטיס בהצדעה נטען (ראשי), כרטיס בהצדעה נטען (ראשי), כרטיס בהצדעה נטען (ראשי)",0,כרטיס בהצדעה נטען (ראשי): הנחת מועדון | כרטיס בהצדעה נטען (ראשי): הנחת מועדון | כרטיס בהצדעה נטען (ראשי): הנחת מועדון,,
NS חוויה קולינרית,כללי,"כרטיס בהצדעה נטען (ראשי), כרטיס בהצדעה נטען (ראשי), כרטיס בהצדעה נטען (ראשי)",0,כרטיס בהצדעה נטען (ראשי): הנחת מועדון | כרטיס בהצדעה נטען (ראשי): הנחת מועדון | כרטיס בהצדעה נטען (ראשי): הנחת מועדון,,
יקב לוריא,כללי,"כרטיס בהצדעה נטען (ראשי), כרטיס בהצדעה נטען (ראשי), כרטיס בהצדעה נטען (ראשי)",0,כרטיס בהצדעה נטען (ראשי): הנחת מועדון | כרטיס בהצדעה נטען (ראשי): הנחת מועדון | כרטיס בהצדעה נטען (ראשי): הנחת מועדון,,
יקב שאטו רמו,כללי,"כרטיס בהצדעה נטען (ראשי), כרטיס בהצדעה נטען (ראשי), כרטיס בהצדעה נטען (ראשי)",0,כרטיס בהצדעה נטען (ראשי): הנחת מועדון | כרטיס בהצדעה נטען (ראשי): הנחת מועדון | כרטיס בהצדעה נטען (ראשי): הנחת מועדון,,
יקב רקנאטי,כללי,"כרטיס בהצדעה נטען (ראשי), כרטיס בהצדעה נטען (ראשי), כרטיס בהצדעה נטען (ראשי)",0,כרטיס בהצדעה נטען (ראשי): הנחת מועדון | כרטיס בהצדעה נטען (ראשי): הנחת מועדון | כרטיס בהצדעה נטען (ראשי): הנחת מועדון,,
אייל חוויות יין,כללי,"כרטיס בהצדעה נטען (ראשי), כרטיס בהצדעה נטען (ראשי), כרטיס בהצדעה נטען (ראשי)",0,כרטיס בהצדעה נטען (ראשי): הנחת מועדון | כרטיס בהצדעה נטען (ראשי): הנחת מועדון | כרטיס בהצדעה נטען (ראשי): הנחת מועדון,,
תרבות,כללי,כרטיס בהצדעה נטען (ראשי),0,כרטיס בהצדעה נטען (ראשי): הנחת מועדון,,
בית לסין,בית לסין,"כרטיס בהצדעה נטען (ראשי), כרטיס בהצדעה נטען (ראשי), כרטיס בהצדעה נטען (ראשי)",0,כרטיס בהצדעה נטען (ראשי): הנחת מועדון | כרטיס בהצדעה נטען (ראשי): הנחת מועדון | כרטיס בהצדעה נטען (ראשי): הנחת מועדון,,
תיאטרון חיפה,כללי,"כרטיס בהצדעה נטען (ראשי), כרטיס בהצדעה נטען (ראשי), כרטיס בהצדעה נטען (ראשי)",0,כרטיס בהצדעה נטען (ראשי): הנחת מועדון | כרטיס בהצדעה נטען (ראשי): הנחת מועדון | כרטיס בהצדעה נטען (ראשי): הנחת מועדון,,
תיאטרון אספקלריא ירושלים,כללי,"כרטיס בהצדעה נטען (ראשי), כרטיס בהצדעה נטען (ראשי), כרטיס בהצדעה נטען (ראשי)",0,כרטיס בהצדעה נטען (ראשי): הנחת מועדון | כרטיס בהצדעה נטען (ראשי): הנחת מועדון | כרטיס בהצדעה נטען (ראשי): הנחת מועדון,,
מרכז הבמה גני תקווה,כללי,"כרטיס בהצדעה נטען (ראשי), כרטיס בהצדעה נטען (ראשי), כרטיס בהצדעה נטען (ראשי)",0,כרטיס בהצדעה נטען (ראשי): הנחת מועדון | כרטיס בהצדעה נטען (ראשי): הנחת מועדון | כרטיס בהצדעה נטען (ראשי): הנחת מועדון,,
היכל התיאטרון מוצקין,כללי,"כרטיס בהצדעה נטען (ראשי), כרטיס בהצדעה נטען (ראשי), כרטיס בהצדעה נטען (ראשי)",0,כרטיס בהצדעה נטען (ראשי): הנחת מועדון | כרטיס בהצדעה נטען (ראשי): הנחת מועדון | כרטיס בהצדעה נטען (ראשי): הנחת מועדון,,
התיאטרון שלנו,כללי,"כרטיס בהצדעה נטען (ראשי), כרטיס בהצדעה נטען (ראשי), כרטיס בהצדעה נטען (ראשי)",0,כרטיס בהצדעה נטען (ראשי): הנחת מועדון | כרטיס בהצדעה נטען (ראשי): הנחת מועדון | כרטיס בהצדעה נטען (ראשי): הנחת מועדון,,
היכל התרבות יבנה,כללי,"כרטיס בהצדעה נטען (ראשי), כרטיס בהצדעה נטען (ראשי), כרטיס בהצדעה נטען (ראשי)",0,כרטיס בהצדעה נטען (ראשי): הנחת מועדון | כרטיס בהצדעה נטען (ראשי): הנחת מועדון | כרטיס בהצדעה נטען (ראשי): הנחת מועדון,,
התזמורת הסימפונית הישראלית ראשון לציון,כללי,"כרטיס בהצדעה נטען (ראשי), כרטיס בהצדעה נטען (ראשי), כרטיס בהצדעה נטען (ראשי)",0,כרטיס בהצדעה נטען (ראשי): הנחת מועדון | כרטיס בהצדעה נטען (ראשי): הנחת מועדון | כרטיס בהצדעה נטען (ראשי): הנחת מועדון,,
היכל התרבות נס ציונה,כללי,"כרטיס בהצדעה נטען (ראשי), כרטיס בהצדעה נטען (ראשי), כרטיס בהצדעה נטען (ראשי)",0,כרטיס בהצדעה נטען (ראשי): הנחת מועדון | כרטיס בהצדעה נטען (ראשי): הנחת מועדון | כרטיס בהצדעה נטען (ראשי): הנחת מועדון,,
מדיטק חולון,כללי,"כרטיס בהצדעה נטען (ראשי), כרטיס בהצדעה נטען (ראשי), כרטיס בהצדעה נטען (ראשי)",0,כרטיס בהצדעה נטען (ראשי): הנחת מועדון | כרטיס בהצדעה נטען (ראשי): הנחת מועדון | כרטיס בהצדעה נטען (ראשי): הנחת מועדון,,
היכל התרבות ראשון לציון,כללי,"כרטיס בהצדעה נטען (ראשי), כרטיס בהצדעה נטען (ראשי), כרטיס בהצדעה נטען (ראשי)",0,כרטיס בהצדעה נטען (ראשי): הנחת מועדון | כרטיס בהצדעה נטען (ראשי): הנחת מועדון | כרטיס בהצדעה נטען (ראשי): הנחת מועדון,,
היכל אומנויות הבמה הרצליה,כללי,"כרטיס בהצדעה נטען (ראשי), כרטיס בהצדעה נטען (ראשי), כרטיס בהצדעה נטען (ראשי)",0,כרטיס בהצדעה נטען (ראשי): הנחת מועדון | כרטיס בהצדעה נטען (ראשי): הנחת מועדון | כרטיס בהצדעה נטען (ראשי): הנחת מועדון,,
היכל התרבות כרמיאל,כללי,"כרטיס בהצדעה נטען (ראשי), כרטיס בהצדעה נטען (ראשי), כרטיס בהצדעה נטען (ראשי)",0,כרטיס בהצדעה נטען (ראשי): הנחת מועדון | כרטיס בהצדעה נטען (ראשי): הנחת מועדון | כרטיס בהצדעה נטען (ראשי): הנחת מועדון,,
תאטרון הבימה,כללי,"כרטיס בהצדעה נטען (ראשי), כרטיס בהצדעה נטען (ראשי), כרטיס בהצדעה נטען (ראשי)",0,כרטיס בהצדעה נטען (ראשי): הנחת מועדון | כרטיס בהצדעה נטען (ראשי): הנחת מועדון | כרטיס בהצדעה נטען (ראשי): הנחת מועדון,,
תאטרון נדנדה,כללי,"כרטיס בהצדעה נטען (ראשי), כרטיס בהצדעה נטען (ראשי), כרטיס בהצדעה נטען (ראשי)",0,כרטיס בהצדעה נטען (ראשי): הנחת מועדון | כרטיס בהצדעה נטען (ראשי): הנחת מועדון | כרטיס בהצדעה נטען (ראשי): הנחת מועדון,,
סינמטק תל אביב,כללי,"כרטיס בהצדעה נטען (ראשי), כרטיס בהצדעה נטען (ראשי), כרטיס בהצדעה נטען (ראשי)",0,כרטיס בהצדעה נטען (ראשי): הנחת מועדון | כרטיס בהצדעה נטען (ראשי): הנחת מועדון | כרטיס בהצדעה נטען (ראשי): הנחת מועדון,,
משכן אומנויות הבמה אשדוד,כללי,"כרטיס בהצדעה נטען (ראשי), כרטיס בהצדעה נטען (ראשי), כרטיס בהצדעה נטען (ראשי)",0,כרטיס בהצדעה נטען (ראשי): הנחת מועדון | כרטיס בהצדעה נטען (ראשי): הנחת מועדון | כרטיס בהצדעה נטען (ראשי): הנחת מועדון,,
היכל התרבות לוד,כללי,"כרטיס בהצדעה נטען (ראשי), כרטיס בהצדעה נטען (ראשי), כרטיס בהצדעה נטען (ראשי)",0,כרטיס בהצדעה נטען (ראשי): הנחת מועדון | כרטיס בהצדעה נטען (ראשי): הנחת מועדון | כרטיס בהצדעה נטען (ראשי): הנחת מועדון,,
היכל התרבות נהריה,כללי,"כרטיס בהצדעה נטען (ראשי), כרטיס בהצדעה נטען (ראשי), כרטיס בהצדעה נטען (ראשי)",0,כרטיס בהצדעה נטען (ראשי): הנחת מועדון | כרטיס בהצדעה נטען (ראשי): הנחת מועדון | כרטיס בהצדעה נטען (ראשי): הנחת מועדון,,
מרכז נא לגעת,כללי,"כרטיס בהצדעה נטען (ראשי), כרטיס בהצדעה נטען (ראשי), כרטיס בהצדעה נטען (ראשי)",0,כרטיס בהצדעה נטען (ראשי): הנחת מועדון | כרטיס בהצדעה נטען (ראשי): הנחת מועדון | כרטיס בהצדעה נטען (ראשי): הנחת מועדון,,
היכל התרבות נתניה,כללי,"כרטיס בהצדעה נטען (ראשי), כרטיס בהצדעה נטען (ראשי), כרטיס בהצדעה נטען (ראשי)",0,כרטיס בהצדעה נטען (ראשי): הנחת מועדון | כרטיס בהצדעה נטען (ראשי): הנחת מועדון | כרטיס בהצדעה נטען (ראשי): הנחת מועדון,,
בליץ,כללי,"כרטיס בהצדעה נטען (ראשי), כרטיס בהצדעה נטען (ראשי), כרטיס בהצדעה נטען (ראשי)",0,כרטיס בהצדעה נטען (ראשי): הנחת מועדון | כרטיס בהצדעה נטען (ראשי): הנחת מועדון | כרטיס בהצדעה נטען (ראשי): הנחת מועדון,,
הכרטיס מופעי בידור,כללי,"כרטיס בהצדעה נטען (ראשי), כרטיס בהצדעה נטען (ראשי), כרטיס בהצדעה נטען (ראשי)",0,כרטיס בהצדעה נטען (ראשי): הנחת מועדון | כרטיס בהצדעה נטען (ראשי): הנחת מועדון | כרטיס בהצדעה נטען (ראשי): הנחת מועדון,,
נופיקי,כללי,"כרטיס בהצדעה נטען (ראשי), כרטיס בהצדעה נטען (ראשי), כרטיס בהצדעה נטען (ראשי)",0,כרטיס בהצדעה נטען (ראשי): הנחת מועדון | כרטיס בהצדעה נטען (ראשי): הנחת מועדון | כרטיס בהצדעה נטען (ראשי): הנחת מועדון,,
לירון האוירון,כללי,"כרטיס בהצדעה נטען (ראשי), כרטיס בהצדעה נטען (ראשי), כרטיס בהצדעה נטען (ראשי)",0,כרטיס בהצדעה נטען (ראשי): הנחת מועדון | כרטיס בהצדעה נטען (ראשי): הנחת מועדון | כרטיס בהצדעה נטען (ראשי): הנחת מועדון,,
רוגבי הפקות,כללי,"כרטיס בהצדעה נטען (ראשי), כרטיס בהצדעה נטען (ראשי), כרטיס בהצדעה נטען (ראשי)",0,כרטיס בהצדעה נטען (ראשי): הנחת מועדון | כרטיס בהצדעה נטען (ראשי): הנחת מועדון | כרטיס בהצדעה נטען (ראשי): הנחת מועדון,,
תיאטרון הקאמרי תל אביב,כללי,"כרטיס בהצדעה נטען (ראשי), כרטיס בהצדעה נטען (ראשי), כרטיס בהצדעה נטען (ראשי)",0,כרטיס בהצדעה נטען (ראשי): הנחת מועדון | כרטיס בהצדעה נטען (ראשי): הנחת מועדון | כרטיס בהצדעה נטען (ראשי): הנחת מועדון,,
תיאטרון ירושלים,כללי,"כרטיס בהצדעה נטען (ראשי), כרטיס בהצדעה נטען (ראשי), כרטיס בהצדעה נטען (ראשי)",0,כרטיס בהצדעה נטען (ראשי): הנחת מועדון | כרטיס בהצדעה נטען (ראשי): הנחת מועדון | כרטיס בהצדעה נטען (ראשי): הנחת מועדון,,
המרכז למוסיקה ירושלים,כללי,"כרטיס בהצדעה נטען (ראשי), כרטיס בהצדעה נטען (ראשי), כרטיס בהצדעה נטען (ראשי)",0,כרטיס בהצדעה נטען (ראשי): הנחת מועדון | כרטיס בהצדעה נטען (ראשי): הנחת מועדון | כרטיס בהצדעה נטען (ראשי): הנחת מועדון,,
הזירה הבין תחומית,כללי,"כרטיס בהצדעה נטען (ראשי), כרטיס בהצדעה נטען (ראשי), כרטיס בהצדעה נטען (ראשי)",0,כרטיס בהצדעה נטען (ראשי): הנחת מועדון | כרטיס בהצדעה נטען (ראשי): הנחת מועדון | כרטיס בהצדעה נטען (ראשי): הנחת מועדון,,
תיאטרון רמלה,כללי,"כרטיס בהצדעה נטען (ראשי), כרטיס בהצדעה נטען (ראשי), כרטיס בהצדעה נטען (ראשי)",0,כרטיס בהצדעה נטען (ראשי): הנחת מועדון | כרטיס בהצדעה נטען (ראשי): הנחת מועדון | כרטיס בהצדעה נטען (ראשי): הנחת מועדון,,
קאמל קומדי קלאב,כללי,"כרטיס בהצדעה נטען (ראשי), כרטיס בהצדעה נטען (ראשי), כרטיס בהצדעה נטען (ראשי)",0,כרטיס בהצדעה נטען (ראשי): הנחת מועדון | כרטיס בהצדעה נטען (ראשי): הנחת מועדון | כרטיס בהצדעה נטען (ראשי): הנחת מועדון,,
מכללת ג'אסט מיוזיק,כללי,"כרטיס בהצדעה נטען (ראשי), כרטיס בהצדעה נטען (ראשי), כרטיס בהצדעה נטען (ראשי)",0,כרטיס בהצדעה נטען (ראשי): הנחת מועדון | כרטיס בהצדעה נטען (ראשי): הנחת מועדון | כרטיס בהצדעה נטען (ראשי): הנחת מועדון,,
סינמטק חיפה,כללי,"כרטיס בהצדעה נטען (ראשי), כרטיס בהצדעה נטען (ראשי), כרטיס בהצדעה נטען (ראשי)",0,כרטיס בהצדעה נטען (ראשי): הנחת מועדון | כרטיס בהצדעה נטען (ראשי): הנחת מועדון | כרטיס בהצדעה נטען (ראשי): הנחת מועדון,,
תיאטרון השחר,כללי,"כרטיס בהצדעה נטען (ראשי), כרטיס בהצדעה נטען (ראשי), כרטיס בהצדעה נטען (ראשי)",0,כרטיס בהצדעה נטען (ראשי): הנחת מועדון | כרטיס בהצדעה נטען (ראשי): הנחת מועדון | כרטיס בהצדעה נטען (ראשי): הנחת מועדון,,
התזמורת הסימפונית חיפה,כללי,"כרטיס בהצדעה נטען (ראשי), כרטיס בהצדעה נטען (ראשי), כרטיס בהצדעה נטען (ראשי)",0,כרטיס בהצדעה נטען (ראשי): הנחת מועדון | כרטיס בהצדעה נטען (ראשי): הנחת מועדון | כרטיס בהצדעה נטען (ראשי): הנחת מועדון,,
דיוות וג׳נטלמנים,כללי,"כרטיס בהצדעה נטען (ראשי), כרטיס בהצדעה נטען (ראשי), כרטיס בהצדעה נטען (ראשי)",0,כרטיס בהצדעה נטען (ראשי): הנחת מועדון | כרטיס בהצדעה נטען (ראשי): הנחת מועדון | כרטיס בהצדעה נטען (ראשי): הנחת מועדון,,
היכל התרבות אור עקיבא,כללי,"כרטיס בהצדעה נטען (ראשי), כרטיס בהצדעה נטען (ראשי), כרטיס בהצדעה נטען (ראשי)",0,כרטיס בהצדעה נטען (ראשי): הנחת מועדון | כרטיס בהצדעה נטען (ראשי): הנחת מועדון | כרטיס בהצדעה נטען (ראשי): הנחת מועדון,,
תיאטרון באר שבע,כללי,"כרטיס בהצדעה נטען (ראשי), כרטיס בהצדעה נטען (ראשי), כרטיס בהצדעה נטען (ראשי)",0,כרטיס בהצדעה נטען (ראשי): הנחת מועדון | כרטיס בהצדעה נטען (ראשי): הנחת מועדון | כרטיס בהצדעה נטען (ראשי): הנחת מועדון,,
תפדל - בואו נדבר ערבית,תפדל - בואו נדבר ערבית,"כרטיס בהצדעה נטען (ראשי), כרטיס בהצדעה נטען (ראשי), כרטיס בהצדעה נטען (ראשי)",0,כרטיס בהצדעה נטען (ראשי): הנחת מועדון | כרטיס בהצדעה נטען (ראשי): הנחת מועדון | כרטיס בהצדעה נטען (ראשי): הנחת מועדון,,
צרכנות,כללי,כרטיס בהצדעה נטען (ראשי),0,כרטיס בהצדעה נטען (ראשי): הנחת מועדון,,
פלאפון,כללי,"כרטיס בהצדעה נטען (ראשי), כרטיס בהצדעה נטען (ראשי), כרטיס בהצדעה נטען (ראשי), כרטיס בהצדעה נטען (ראשי)",0,כרטיס בהצדעה נטען (ראשי): הנחת מועדון | כרטיס בהצדעה נטען (ראשי): הנחת מועדון | כרטיס בהצדעה נטען (ראשי): הנחת מועדון | כרטיס בהצדעה נטען (ראשי): הנחת מועדון,,
אחר,כללי,כרטיס בהצדעה נטען (ראשי),0,כרטיס בהצדעה נטען (ראשי): הנחת מועדון,,
חמאם תורכי אילת - אנג'ל ספא,כללי,"כרטיס בהצדעה נטען (ראשי), כרטיס בהצדעה נטען (ראשי), כרטיס בהצדעה נטען (ראשי), כרטיס בהצדעה נטען (ראשי)",0,כרטיס בהצדעה נטען (ראשי): הנחת מועדון | כרטיס בהצדעה נטען (ראשי): הנחת מועדון | כרטיס בהצדעה נטען (ראשי): הנחת מועדון | כרטיס בהצדעה נטען (ראשי): הנחת מועדון,,
